ID,Election,OfficeName,VoteFor,BallotGroup,OfficeSequence,CandidateID,CanFirstName,CanLastName,CanAffilCommit,Votes,PartyName,PartyAbbrev
1,GE 2018,COOK - 2ND SUBCIRCUIT - RHODES VACANCY,1,LC,230,24167,TOYA T.,HARVEY,,77612,DEMOCRATIC,DEM
2,GE 2018,"COOK - 2ND SUBCIRCUIT - TURNER, JR. VACANCY",1,LC,240,24168,IESHIA,GRAY,,76769,DEMOCRATIC,DEM
3,GE 2018,COOK - 2ND SUBCIRCUIT - WILLIS VACANCY,1,LC,250,24169,DEBRA A.,SEATON,,77506,DEMOCRATIC,DEM
4,GE 2018,COOK - 3RD SUBCIRCUIT - DELEHANTY VACANCY,1,LC,310,24170,KEVIN PATRICK,CUNNINGHAM,,84717,DEMOCRATIC,DEM
5,GE 2018,COOK - 13TH SUBCIRCUIT - CRANE VACANCY,1,LC,1310,24171,GARY WILLIAM,SEYRING,,52737,REPUBLICAN,REP
6,GE 2018,COOK - 13TH SUBCIRCUIT - CRANE VACANCY,1,LC,1310,24172,"KETKI ""KAY""",STEFFEN,,65570,DEMOCRATIC,DEM
7,GE 2018,COOK - 13TH SUBCIRCUIT - LAWRENCE VACANCY,1,LC,1320,24173,DANIEL PATRICK,FITZGERALD,,57453,REPUBLICAN,REP
8,GE 2018,COOK - 13TH SUBCIRCUIT - LAWRENCE VACANCY,1,LC,1320,24174,SHANNON P.,O'MALLEY,,60758,DEMOCRATIC,DEM
9,GE 2018,"COOK - 15TH SUBCIRCUIT - SCULLY, JR. VACANCY",1,LC,1510,24175,MICHAEL B.,BARRETT,,101047,DEMOCRATIC,DEM
10,GE 2018,4TH APPELLATE - POPE VACANCY,1,LB,410,24176,THOMAS M.,"HARRIS, JR.",,377404,REPUBLICAN,REP
11,GE 2018,5TH APPELLATE - GOLDENHERSH VACANCY,1,LB,510,24177,KEVIN T.,HOERNER,,197723,DEMOCRATIC,DEM
12,GE 2018,5TH APPELLATE - GOLDENHERSH VACANCY,1,LB,510,24178,DAVID K.,OVERSTREET,,281846,REPUBLICAN,REP
13,GE 2018,"1ST CIRCUIT- PALMER, SR. VACANCY",1,LD,130,24179,STEPHEN R,GREEN,,14480,REPUBLICAN,REP
14,GE 2018,"1ST CIRCUIT- PALMER, SR. VACANCY",1,LD,130,24180,DAVID W.,LAWLER,,12270,DEMOCRATIC,DEM
15,GE 2018,3RD CIRCUIT - CROWDER VACANCY,1,LD,310,24181,MARK D.,RABE,,48623,REPUBLICAN,REP
16,GE 2018,3RD CIRCUIT - CROWDER VACANCY,1,LD,310,24182,SARAH,SMITH,,59758,DEMOCRATIC,DEM
17,GE 2018,5TH CIRCUIT - ANDERSON VACANCY,1,LD,510,24183,"CHARLES ""CHARLIE""",HALL,,46233,REPUBLICAN,REP
18,GE 2018,6TH CIRCUIT - BLOCKMAN VACANCY,1,LD,610,24184,ROGER B.,WEBBER,,71580,REPUBLICAN,REP
19,GE 2018,6TH CIRCUIT - BLOCKMAN VACANCY,1,LD,610,24185,RAMONA,SULLIVAN,,66550,DEMOCRATIC,DEM
20,GE 2018,6TH CIRCUIT - FLANNELL VACANCY,1,LD,630,24186,JEREMY,RICHEY,,4295,REPUBLICAN,REP
21,GE 2018,12TH CIRCUIT - ROZAK VACANCY,1,LD,1210,24187,BEN,BRAUN,,113325,REPUBLICAN,REP
22,GE 2018,12TH CIRCUIT - ROZAK VACANCY,1,LD,1210,24188,DAVID,GARCIA,,129097,DEMOCRATIC,DEM
23,GE 2018,14TH CIRCUIT - HAUPTMAN VACANCY,1,LD,1410,24189,TRISH,JOYCE,,17196,DEMOCRATIC,DEM
24,GE 2018,17TH CIRCUIT - PROCHASKA VACANCY,1,LD,1710,24190,JOHN,LOWRY,,56460,REPUBLICAN,REP
25,GE 2018,17TH CIRCUIT - PROCHASKA VACANCY,1,LD,1710,24191,ANN,DEMPSEY,,55941,DEMOCRATIC,DEM
26,GE 2018,18TH CIRCUIT - FAWELL VACANCY,1,LD,1810,24192,KAREN M.,WILSON,,176858,REPUBLICAN,REP
27,GE 2018,18TH CIRCUIT - FAWELL VACANCY,1,LD,1810,24193,JEFFREY M.,JACOBSON,,176470,DEMOCRATIC,DEM
28,GE 2018,19TH CIRCUIT - PHILLIPS VACANCY,1,LD,1910,24194,CHRISTOPHER R.,STRIDE,,181929,REPUBLICAN,REP
29,GE 2018,19TH CIRCUIT - STARCK VACANCY,1,LD,1920,24195,CHRISTEN L.,BISHOP,,179072,REPUBLICAN,REP
30,GE 2018,19TH CIRCUIT - 1ST SUBCIRCUIT - BRIDGES VACANCY,1,LD,1930,24196,"CHARLES ""CHUCK""",SMITH,,18983,DEMOCRATIC,DEM
31,GE 2018,22ND CIRCUIT - McINTYRE VACANCY,1,LD,2210,24197,ROBERT,WILBRANDT,,80517,REPUBLICAN,REP
32,GE 2018,3RD CIRCUIT - KNIGHT VACANCY,1,LD,330,24198,CHRIS,BAUER,,5378,DEMOCRATIC,DEM
33,GE 2018,8TH CIRCUIT - HARDWICK VACANCY,1,LD,830,24199,"TIMOTHY J. ""T.J.""",WESSEL,,2644,DEMOCRATIC,DEM
34,GE 2018,8TH CIRCUIT - HARDWICK VACANCY,1,LD,830,24200,LUKE ALLEN,THOMAS,,1960,REPUBLICAN,REP
35,GE 2018,20TH CIRCUIT - LOPINOT VACANCY,1,LD,2015,24201,JOHN J.,O'GARA,,70484,DEMOCRATIC,DEM
36,GE 2018,20TH CIRCUIT - LOPINOT VACANCY,1,LD,2015,24202,PAUL J.,EVANS,,66442,REPUBLICAN,REP
37,GE 2018,21ST CIRCUIT - TUNGATE VACANCY,1,LD,2110,24203,THOMAS W.,CUNNINGTON,,38811,REPUBLICAN,REP
38,GE 2018,COOK CIRCUIT - DOOLING VACANCY,1,LC,25,24204,TOM SAM,SIANIS,,1294541,DEMOCRATIC,DEM
39,GE 2018,COOK CIRCUIT - DUNFORD VACANCY,1,LC,35,24205,THOMAS F.,McGUIRE,,1284266,DEMOCRATIC,DEM
40,GE 2018,1ST CIRCUIT- JACKSON VACANCY,1,LD,140,24207,CORD ZACHARY,WITTIG,,4840,REPUBLICAN,REP
41,GE 2018,12TH CIRCUIT - POLICANDRIOTES VACANCY,1,LD,1220,24208,VICTORIA McKAY,KENNISON,,114870,REPUBLICAN,REP
42,GE 2018,12TH CIRCUIT - POLICANDRIOTES VACANCY,1,LD,1220,24209,VINCENT F.,CORNELIUS,,126161,DEMOCRATIC,DEM
43,GE 2018,1ST CIRCUIT- CLARKE VACANCY,1,LD,115,24210,TYLER R.,EDMONDS,,33640,DEMOCRATIC,DEM
44,GE 2018,1ST CIRCUIT- CLARKE VACANCY,1,LD,115,24211,AMANDA BYASSEE,GOTT,,45947,REPUBLICAN,REP
45,GE 2018,COOK - 2ND SUBCIRCUIT - TURNER VACANCY,1,LC,260,24212,ARTHUR WESLEY,WILLIS,,76064,DEMOCRATIC,DEM
46,GE 2018,COOK - 8TH SUBCIRCUIT - PETHERS  VACANCY,1,LC,830,24213,JEANNE MARIE,WRENN,,133987,DEMOCRATIC,DEM
47,GE 2018,COOK - 10TH SUBCIRCUIT - O'NEILL BURKE VACANCY,1,LC,1010,24214,STEPHANIE,SALTOUROS,,85871,DEMOCRATIC,DEM
48,GE 2018,COOK - 10TH SUBCIRCUIT - SURIANO VACANCY,1,LC,1020,24215,COLLEEN REARDON,DALY,,87955,DEMOCRATIC,DEM
49,GE 2018,COOK - 11TH SUBCIRCUIT - KENNEDY VACANCY,1,LC,1110,24216,JOANNE F.,ROSADO,,80959,DEMOCRATIC,DEM
50,GE 2018,COOK - 12TH SUBCIRCUIT - MAKI VACANCY,1,LC,1210,24217,DAVID,STUDENROTH,,53741,REPUBLICAN,REP
51,GE 2018,COOK - 12TH SUBCIRCUIT - MAKI VACANCY,1,LC,1210,24218,JOEL,CHUPACK,,71171,DEMOCRATIC,DEM
52,GE 2018,COOK - 13TH SUBCIRCUIT - O'DONNELL VACANCY,1,LC,1330,24219,SAMUEL J.,BETAR III,,64598,DEMOCRATIC,DEM
53,GE 2018,COOK - 13TH SUBCIRCUIT - O'DONNELL VACANCY,1,LC,1330,24220,CHRISTINE,SVENSON,,54451,REPUBLICAN,REP
54,GE 2018,COOK - 14TH SUBCIRCUIT - GARCIA VACANCY,1,LC,1410,24221,BEATRIZ A.,FRAUSTO-SANDOVAL,,48283,DEMOCRATIC,DEM
55,GE 2018,COOK - 15TH SUBCIRCUIT - ZELEZINSKI VACANCY,1,LC,1520,24222,KARLA MARIE,FIAONI,,48815,REPUBLICAN,REP
56,GE 2018,COOK - 15TH SUBCIRCUIT - ZELEZINSKI VACANCY,1,LC,1520,24223,SCOTT,McKENNA,,85246,DEMOCRATIC,DEM
57,GE 2018,"8TH CIRCUIT - MAYS, JR. VACANCY",1,LD,810,24224,AMY,LANNERD,,44271,REPUBLICAN,REP
58,GE 2018,8TH CIRCUIT - LAGOSKI VACANCY,1,LD,820,24225,JERRY J.,HOOKER,,1761,REPUBLICAN,REP
59,GE 2018,15TH CIRCUIT - JACOBSON VACANCY,1,LD,1510,24226,JACQUELYN D.,ACKERT,,10538,REPUBLICAN,REP
60,GE 2018,1ST CIRCUIT- SCHWARTZ VACANCY,1,LD,145,24227,CHRISTY W.,SOLVERSON,,12076,DEMOCRATIC,DEM
61,GE 2018,1ST CIRCUIT- SCHWARTZ VACANCY,1,LD,145,24228,STEVEN M.J.,BOST,,8025,REPUBLICAN,REP
62,GE 2018,17TH CIRCUIT - COLLINS VACANCY,1,LD,1720,24229,DONNA,HONZEL,,54288,REPUBLICAN,REP
63,GE 2018,17TH CIRCUIT - COLLINS VACANCY,1,LD,1720,24230,"JOSEPH P. ""JOE""",BRUSCATO,,58138,DEMOCRATIC,DEM
64,GE 2018,18TH CIRCUIT - CRESWELL VACANCY,1,LD,1820,24231,LINDA E.,DAVENPORT,,193753,DEMOCRATIC,DEM
65,GE 2018,18TH CIRCUIT - CRESWELL VACANCY,1,LD,1820,24232,JEFF,MACKAY,,160469,REPUBLICAN,REP
66,GE 2018,4TH CIRCUIT - BENNETT VACANCY,1,LD,410,24233,AMANDA S.,ADE-HARLOW,,6080,REPUBLICAN,REP
67,GE 2018,4TH CIRCUIT - BENNETT VACANCY,1,LD,410,24234,GINA,VONDERHEIDE,,3132,DEMOCRATIC,DEM
68,GE 2018,11TH CIRCUIT - FITZGERALD VACANCY,1,LD,1110,24235,WILLIAM A.,YODER,,51374,REPUBLICAN,REP
69,GE 2018,16TH CIRCUIT - AKEMANN VACANCY,1,LD,1630,24236,MICHAEL J,NOLAND,,84894,DEMOCRATIC,DEM
70,GE 2018,16TH CIRCUIT - AKEMANN VACANCY,1,LD,1630,24237,"THOMAS M. (""TOM"")",HARTWELL,,80135,REPUBLICAN,REP
71,GE 2018,1ST CIRCUIT- MOORE VACANCY,1,LD,110,24238,CAREY C.,GILL,,45609,REPUBLICAN,REP
72,GE 2018,1ST CIRCUIT- MOORE VACANCY,1,LD,110,24239,JASON A.,OLSON,,33044,DEMOCRATIC,DEM
73,GE 2018,1ST CIRCUIT- SMOOT VACANCY,1,LD,120,24240,E. RYAN,HALL,,9771,DEMOCRATIC,DEM
74,GE 2018,1ST CIRCUIT- SMOOT VACANCY,1,LD,120,24241,JOHN W.,SANDERS,,16929,REPUBLICAN,REP
75,GE 2018,"3RD CIRCUIT - BARBERIS, JR. VACANCY",1,LD,320,24242,DAVID W.,DUGAN,,52968,REPUBLICAN,REP
76,GE 2018,"3RD CIRCUIT - BARBERIS, JR. VACANCY",1,LD,320,24243,MARC,PARKER,,48384,DEMOCRATIC,DEM
77,GE 2018,5TH CIRCUIT - RIGHTER VACANCY,1,LD,520,24244,MARK E.,BOVARD,,13516,REPUBLICAN,REP
78,GE 2018,9TH CIRCUIT - DAVIS  VACANCY,1,LD,910,24245,BRUCE C,BEAL,,9953,DEMOCRATIC,DEM
79,GE 2018,10TH CIRCUIT - KEITH  VACANCY,1,LD,1010,24246,BRUCE,FEHRENBACHER,,1837,REPUBLICAN,REP
80,GE 2018,6TH CIRCUIT - CLEM VACANCY,1,LD,620,24247,CHAD,BECKETT,,65889,DEMOCRATIC,DEM
81,GE 2018,6TH CIRCUIT - CLEM VACANCY,1,LD,620,24248,RANDY,ROSENBAUM,,71628,REPUBLICAN,REP
82,GE 2018,19TH CIRCUIT - 5TH SUBCIRCUIT - A VACANCY,1,LD,1940,24249,JOSEPH V.,SALVI,,35660,REPUBLICAN,REP
83,GE 2018,16TH CIRCUIT - 1ST SUBCIRCUIT - A VACANCY,1,LD,1610,24250,RENE,CRUZ,,19717,DEMOCRATIC,DEM
84,GE 2018,16TH CIRCUIT - 4TH SUBCIRCUIT - A VACANCY,1,LD,1620,24251,CLINT,HULL,,42227,REPUBLICAN,REP
85,GE 2018,20TH CIRCUIT - FISS VACANCY,1,LD,2010,24252,HEINZ,RUDOLF,,71127,DEMOCRATIC,DEM
86,GE 2018,20TH CIRCUIT - FISS VACANCY,1,LD,2010,24253,KATHERINE,RUOCCO,,65964,REPUBLICAN,REP
87,GE 2018,20TH CIRCUIT - LeCHIEN VACANCY,1,LD,2020,24254,LANINYA A.,CASON,,41901,REPUBLICAN,REP
88,GE 2018,20TH CIRCUIT - LeCHIEN VACANCY,1,LD,2020,24255,CHRIS,KOLKER,,54037,DEMOCRATIC,DEM
89,GE 2018,22ND CIRCUIT - 1ST SUBCIRCUIT - WEECH VACANCY,1,LD,2220,24256,TIFFANY,DAVIS,,22361,REPUBLICAN,REP
90,GE 2018,59TH REPRESENTATIVE,1,J,2059,24257,KAREN,FELDMAN,,13891,REPUBLICAN,REP
91,GE 2018,59TH REPRESENTATIVE,1,J,2059,24258,DANIEL,DIDECH,,22038,DEMOCRATIC,DEM
92,GE 2018,5TH CONGRESS,1,F,5,24259,TOM,HANSON,,65134,REPUBLICAN,REP
93,GE 2018,5TH CONGRESS,1,F,5,24260,MIKE,QUIGLEY,,213992,DEMOCRATIC,DEM
94,GE 2018,5TH REPRESENTATIVE,1,J,2005,24261,LAMONT J.,"ROBINSON, JR.",,35388,DEMOCRATIC,DEM
95,GE 2018,60TH REPRESENTATIVE,1,J,2060,24262,RITA,MAYFIELD,,18694,DEMOCRATIC,DEM
96,GE 2018,61ST REPRESENTATIVE,1,J,2061,24263,SHERI,JESIEL,,18789,REPUBLICAN,REP
97,GE 2018,61ST REPRESENTATIVE,1,J,2061,24264,JOYCE,MASON,,20015,DEMOCRATIC,DEM
98,GE 2018,62ND REPRESENTATIVE,1,J,2062,24265,KEN,IDSTEIN,,15082,REPUBLICAN,REP
99,GE 2018,62ND REPRESENTATIVE,1,J,2062,24266,SAM,YINGLING,,19614,DEMOCRATIC,DEM
100,GE 2018,63RD REPRESENTATIVE,1,J,2063,24267,STEVEN,REICK,,26121,REPUBLICAN,REP
101,GE 2018,64TH REPRESENTATIVE,1,J,2064,24268,TOM,WEBER,,23929,REPUBLICAN,REP
102,GE 2018,65TH REPRESENTATIVE,1,J,2065,24269,DAN,UGASTE,,26475,REPUBLICAN,REP
103,GE 2018,65TH REPRESENTATIVE,1,J,2065,24270,RICHARD,JOHNSON,,24306,DEMOCRATIC,DEM
104,GE 2018,66TH REPRESENTATIVE,1,J,2066,24271,ALLEN,SKILLICORN,,26940,REPUBLICAN,REP
105,GE 2018,67TH REPRESENTATIVE,1,J,2067,24272,MAURICE A.,WEST II,,18623,DEMOCRATIC,DEM
106,GE 2018,68TH REPRESENTATIVE,1,J,2068,24273,JOHN M.,CABELLO,,21052,REPUBLICAN,REP
107,GE 2018,68TH REPRESENTATIVE,1,J,2068,24274,JAKE,CASTANZA,,19980,DEMOCRATIC,DEM
108,GE 2018,69TH REPRESENTATIVE,1,J,2069,24275,JOE,SOSNOWSKI,,24526,REPUBLICAN,REP
109,GE 2018,69TH REPRESENTATIVE,1,J,2069,24276,"ANGELIQUE ""ANGIE""",BODINE,,16277,DEMOCRATIC,DEM
110,GE 2018,6TH CONGRESS,1,F,6,24277,PETER J.,ROSKAM,,146445,REPUBLICAN,REP
111,GE 2018,6TH CONGRESS,1,F,6,24278,SEAN,CASTEN,,169001,DEMOCRATIC,DEM
112,GE 2018,6TH REPRESENTATIVE,1,J,2006,24279,SONYA MARIE,HARPER,,26000,DEMOCRATIC,DEM
113,GE 2018,6TH SENATE,1,J,106,24280,JOHN J.,CULLERTON,,88756,DEMOCRATIC,DEM
114,GE 2018,70TH REPRESENTATIVE,1,J,2070,24281,JEFF,KEICHER,,20307,REPUBLICAN,REP
115,GE 2018,70TH REPRESENTATIVE,1,J,2070,24282,PAUL,STODDARD,,18955,DEMOCRATIC,DEM
116,GE 2018,71ST REPRESENTATIVE,1,J,2071,24283,TONY M.,McCOMBIE,,23870,REPUBLICAN,REP
117,GE 2018,71ST REPRESENTATIVE,1,J,2071,24284,JOAN,PADILLA,,16805,DEMOCRATIC,DEM
118,GE 2018,72ND REPRESENTATIVE,1,J,2072,24285,GLEN,EVANS SR.,,13440,REPUBLICAN,REP
119,GE 2018,72ND REPRESENTATIVE,1,J,2072,24286,MICHAEL W.,HALPIN,,21966,DEMOCRATIC,DEM
120,GE 2018,73RD REPRESENTATIVE,1,J,2073,24287,RYAN,SPAIN,,38897,REPUBLICAN,REP
121,GE 2018,74TH REPRESENTATIVE,1,J,2074,24288,DAN,SWANSON,,36925,REPUBLICAN,REP
122,GE 2018,75TH REPRESENTATIVE,1,J,2075,24289,DAVID ALLEN,WELTER,,34366,REPUBLICAN,REP
123,GE 2018,76TH REPRESENTATIVE,1,J,2076,24290,JERRY LEE,LONG,,17293,REPUBLICAN,REP
124,GE 2018,76TH REPRESENTATIVE,1,J,2076,24291,LANCE,YEDNOCK,,21185,DEMOCRATIC,DEM
125,GE 2018,77TH REPRESENTATIVE,1,J,2077,24292,ANTHONY,AIRDO,,6429,REPUBLICAN,REP
126,GE 2018,77TH REPRESENTATIVE,1,J,2077,24293,KATHLEEN,WILLIS,,15420,DEMOCRATIC,DEM
127,GE 2018,78TH REPRESENTATIVE,1,J,2078,24294,CAMILLE,LILLY,,36237,DEMOCRATIC,DEM
128,GE 2018,79TH REPRESENTATIVE,1,J,2079,24295,LINDSAY,PARKHURST,,19702,REPUBLICAN,REP
129,GE 2018,79TH REPRESENTATIVE,1,J,2079,24296,LISA M.,DUGAN,,15397,DEMOCRATIC,DEM
130,GE 2018,7TH CONGRESS,1,F,7,24297,CRAIG,CAMERON,,30497,REPUBLICAN,REP
131,GE 2018,7TH CONGRESS,1,F,7,24298,DANNY K.,DAVIS,,215746,DEMOCRATIC,DEM
132,GE 2018,7TH REPRESENTATIVE,1,J,2007,24299,"EMANUEL ""CHRIS""",WELCH,,35678,DEMOCRATIC,DEM
133,GE 2018,80TH REPRESENTATIVE,1,J,2080,24300,ANTHONY,DeLUCA,,32192,DEMOCRATIC,DEM
134,GE 2018,81ST REPRESENTATIVE,1,J,2081,24301,DAVID S.,OLSEN,,24194,REPUBLICAN,REP
135,GE 2018,81ST REPRESENTATIVE,1,J,2081,24302,ANNE M.,STAVA-MURRAY,,25124,DEMOCRATIC,DEM
136,GE 2018,82ND REPRESENTATIVE,1,J,2082,24303,JIM,DURKIN,,29672,REPUBLICAN,REP
137,GE 2018,82ND REPRESENTATIVE,1,J,2082,24304,TOM,CHLYSTEK,,18329,DEMOCRATIC,DEM
138,GE 2018,83RD REPRESENTATIVE,1,J,2083,24305,LINDA,CHAPA LaVIA,,15303,DEMOCRATIC,DEM
139,GE 2018,84TH REPRESENTATIVE,1,J,2084,24306,PATTY,SMITH,,10733,REPUBLICAN,REP
140,GE 2018,84TH REPRESENTATIVE,1,J,2084,24307,STEPHANIE A.,KIFOWIT,,21057,DEMOCRATIC,DEM
141,GE 2018,85TH REPRESENTATIVE,1,J,2085,24309,JOHN,CONNOR,,26599,DEMOCRATIC,DEM
142,GE 2018,86TH REPRESENTATIVE,1,J,2086,24310,RICK,LAIB,,8981,REPUBLICAN,REP
143,GE 2018,86TH REPRESENTATIVE,1,J,2086,24311,"LAWRENCE ""LARRY""","WALSH, JR.",,21070,DEMOCRATIC,DEM
144,GE 2018,87TH REPRESENTATIVE,1,J,2087,24312,TIM,BUTLER,,34783,REPUBLICAN,REP
145,GE 2018,88TH REPRESENTATIVE,1,J,2088,24313,KEITH P.,SOMMER,,26126,REPUBLICAN,REP
146,GE 2018,88TH REPRESENTATIVE,1,J,2088,24314,JILL,BLAIR,,18412,DEMOCRATIC,DEM
147,GE 2018,89TH REPRESENTATIVE,1,J,2089,24315,ANDREW S.,CHESNEY,,25485,REPUBLICAN,REP
148,GE 2018,89TH REPRESENTATIVE,1,J,2089,24316,NICHOLAS P.,HYDE,,15725,DEMOCRATIC,DEM
149,GE 2018,8TH SENATE,1,J,108,24317,RAM,VILLIVALAM,,50071,DEMOCRATIC,DEM
150,GE 2018,11TH SENATE,1,J,111,24318,MARTIN A.,SANDOVAL,,39158,DEMOCRATIC,DEM
151,GE 2018,8TH CONGRESS,1,F,8,24319,"JITENDRA ""JD""",DIGANVKER,,67073,REPUBLICAN,REP
152,GE 2018,8TH CONGRESS,1,F,8,24320,RAJA,KRISHNAMOORTHI,,130054,DEMOCRATIC,DEM
153,GE 2018,8TH REPRESENTATIVE,1,J,2008,24321,LA SHAWN K.,FORD,,31923,DEMOCRATIC,DEM
154,GE 2018,90TH REPRESENTATIVE,1,J,2090,24322,TOM,DEMMER,,23690,REPUBLICAN,REP
155,GE 2018,90TH REPRESENTATIVE,1,J,2090,24323,AMY,DAVIS,,15030,DEMOCRATIC,DEM
156,GE 2018,91ST REPRESENTATIVE,1,J,2091,24324,MICHAEL D.,UNES,,22902,REPUBLICAN,REP
157,GE 2018,91ST REPRESENTATIVE,1,J,2091,24325,CAROLYN,BLODGETT,,12915,DEMOCRATIC,DEM
158,GE 2018,92ND REPRESENTATIVE,1,J,2092,24326,JEHAN,GORDON-BOOTH,,26808,DEMOCRATIC,DEM
159,GE 2018,93RD REPRESENTATIVE,1,J,2093,24327,NORINE K.,HAMMOND,,17870,REPUBLICAN,REP
160,GE 2018,93RD REPRESENTATIVE,1,J,2093,24328,JOHN,CURTIS,,16365,DEMOCRATIC,DEM
161,GE 2018,94TH REPRESENTATIVE,1,J,2094,24329,RANDY E.,FRESE,,27858,REPUBLICAN,REP
162,GE 2018,95TH REPRESENTATIVE,1,J,2095,24330,AVERY,BOURNE,,24551,REPUBLICAN,REP
163,GE 2018,95TH REPRESENTATIVE,1,J,2095,24331,DILLON,CLARK,,16488,DEMOCRATIC,DEM
164,GE 2018,96TH REPRESENTATIVE,1,J,2096,24332,HERMAN,SENOR,,12845,REPUBLICAN,REP
165,GE 2018,96TH REPRESENTATIVE,1,J,2096,24333,SUE,SCHERER,,19882,DEMOCRATIC,DEM
166,GE 2018,97TH REPRESENTATIVE,1,J,2097,24334,MARK,BATINICK,,22480,REPUBLICAN,REP
167,GE 2018,97TH REPRESENTATIVE,1,J,2097,24335,MICA,FREEMAN,,21890,DEMOCRATIC,DEM
168,GE 2018,98TH REPRESENTATIVE,1,J,2098,24336,ALYSSIA,BENFORD,,13741,REPUBLICAN,REP
169,GE 2018,98TH REPRESENTATIVE,1,J,2098,24337,NATALIE A.,MANLEY,,24318,DEMOCRATIC,DEM
170,GE 2018,99TH REPRESENTATIVE,1,J,2099,24338,MIKE,MURPHY,,30909,REPUBLICAN,REP
171,GE 2018,99TH REPRESENTATIVE,1,J,2099,24339,MARC,BELL,,21637,DEMOCRATIC,DEM
172,GE 2018,9TH CONGRESS,1,F,9,24340,JOHN D.,ELLESON,,76983,REPUBLICAN,REP
173,GE 2018,9TH CONGRESS,1,F,9,24341,JANICE D.,SCHAKOWSKY,,213368,DEMOCRATIC,DEM
174,GE 2018,9TH REPRESENTATIVE,1,J,2009,24342,ARTHUR,TURNER,,30951,DEMOCRATIC,DEM
175,GE 2018,9TH SENATE,1,J,109,24343,JOAN MCCARTHY,LASONDE,,28889,REPUBLICAN,REP
176,GE 2018,9TH SENATE,1,J,109,24344,LAURA,FINE,,73710,DEMOCRATIC,DEM
177,GE 2018,ADAMS/BROWN/CASS/MORGAN/PIKE/SCOTT SUPERINTENDENT OF SCHOOLS,1,K,101,24345,JILL,REIS,,44369,REPUBLICAN,REP
178,GE 2018,"ALEXANDER/JACKSON/PERRY, ETC. - SUPT. OF SCHOOLS",1,K,102,24346,CHERYL R.,GRAFF,,31930,DEMOCRATIC,DEM
179,GE 2018,ATTORNEY GENERAL,1,B,2,24347,ERIKA,HAROLD,,1944142,REPUBLICAN,REP
180,GE 2018,ATTORNEY GENERAL,1,B,2,24348,KWAME,RAOUL,,2488326,DEMOCRATIC,DEM
181,GE 2018,"BOND/CHRISTIAN/EFFINGHAM, ETC. - SUPT. OF SCHOOLS",1,K,103,24349,JULIE,WOLLERMAN,,38661,DEMOCRATIC,DEM
182,GE 2018,BOONE/WINNEBAGO - SUPERINTENDENT OF SCHOOLS,1,K,104,24350,SCOTT,BLOOMQUIST,,86916,REPUBLICAN,REP
183,GE 2018,BUREAU/HENRY/STARK - SUPERINTENDENT OF SCHOOLS,1,K,105,24351,ANGELA,ZARVELL,,29034,REPUBLICAN,REP
184,GE 2018,CALHOUN/GREENE/JERSEY/MACOUPIN SUPERINTENDENT OF SCHOOLS,1,K,106,24352,MICHELLE,MUELLER,,25141,DEMOCRATIC,DEM
185,GE 2018,CARROLL/JoDAVIESS/STEPHENSON - SUPERINTENDENT OF SCHOOLS,1,K,107,24353,AARON,MERCIER,,25732,REPUBLICAN,REP
186,GE 2018,CHAMPAIGN/FORD - SUPERENTENDENT OF SCHOOLS,1,K,108,24354,GARY,LEWIS,,55248,REPUBLICAN,REP
187,GE 2018,"CLARK/COLES/CUMBERLAND, ETC. - SUP OF SCHOOLS",1,K,109,24355,KYLE,THOMPSON,,45902,REPUBLICAN,REP
188,GE 2018,"CLAY/CRAWFORD/JASPER, ETC - SUP OF SCHOOLS",1,K,110,24356,MONTE A.,NEWLIN,,19536,DEMOCRATIC,DEM
189,GE 2018,"CLINTON/JEFFERSON/MARION, ETC. - SUP OF SCHOOLS",1,K,111,24357,RON,DANIELS,,30658,REPUBLICAN,REP
190,GE 2018,"CLINTON/JEFFERSON/MARION, ETC. - SUP OF SCHOOLS",1,K,111,24358,BRIAN P.,GUTHRIE,,15785,DEMOCRATIC,DEM
191,GE 2018,COMPTROLLER,1,B,4,24359,DARLENE,SENGER,,1678346,REPUBLICAN,REP
192,GE 2018,COMPTROLLER,1,B,4,24360,SUSANA A.,MENDOZA,,2716853,DEMOCRATIC,DEM
193,GE 2018,"DeWITT/LIVINGSTON/LOGAN, ETC. - SUP OF SCHOOLS",1,K,112,24361,MARK EUGENE,JONTRY,,77012,REPUBLICAN,REP
194,GE 2018,"EDWARDS/GALLATIN/HAMILTON, ETC. - SUP OF SCHOOLS",1,K,113,24362,"ELIZABETH (""BETH"")",RISTER,,25285,DEMOCRATIC,DEM
195,GE 2018,"FRANKLIN/JOHNSON/MASSAC, ETC. - SUP OF SCHOOLS",1,K,114,24363,LORIE LAKSO,LeQUATTE,,36491,DEMOCRATIC,DEM
196,GE 2018,"FULTON/HANCOCK/McDONOUGH, ETC. - SUP OF SCHOOLS",1,K,115,24364,JOHN,MEIXNER,,25767,REPUBLICAN,REP
197,GE 2018,GOVERNOR AND LIEUTENANT GOVERNOR,1,B,1,24365,BRUCE,RAUNER,,1765751,REPUBLICAN,REP
198,GE 2018,GOVERNOR AND LIEUTENANT GOVERNOR,1,B,1,24366,JB,PRITZKER,,2479746,DEMOCRATIC,DEM
199,GE 2018,GRUNDY/KENDALL - SUPERINTENDENT OF SCHOOLS,1,K,116,24367,CHRISTOPHER D,MEHOCHKO,,52014,REPUBLICAN,REP
200,GE 2018,HENDERSON/KNOX/MERCER/WARREN - SUP OF SCHOOLS,1,K,117,24368,JODI L.,SCOTT,,24473,REPUBLICAN,REP
201,GE 2018,IROQUOIS/KANKAKEE - SUPERINTENDENT OF SCHOOLS,1,K,118,24369,GREGG,MURPHY,,37893,REPUBLICAN,REP
202,GE 2018,LaSALLE/MARSHALL/PUTNAM - SUP OF SCHOOLS,1,K,119,24370,CHRISTOPHER B.,DVORAK,,31691,DEMOCRATIC,DEM
203,GE 2018,LEE/OGLE/WHITESIDE - SUPERINTENDENT OF SCHOOLS,1,K,120,24371,ROBERT,SONDGEROTH,,44746,REPUBLICAN,REP
204,GE 2018,MACON/PIATT - SUPERINTENDENT OF SCHOOLS,1,K,121,24372,MATTHEW T.,SNYDER,,37328,REPUBLICAN,REP
205,GE 2018,MASON/TAZEWELL/WOODFORD SUPERINTENDENT OF SCHOOLS,1,K,122,24373,PATRICK,DURLEY,,60600,REPUBLICAN,REP
206,GE 2018,MENARD/SANGAMON - SUPERINTENDENT OF SCHOOLS,1,K,123,24374,JEFF,VOSE,,70301,REPUBLICAN,REP
207,GE 2018,MONROE/RANDOLPH - SUPERINTENDENT OF SCHOOLS,1,K,124,24375,KELTON,DAVIS,,23087,REPUBLICAN,REP
208,GE 2018,SECRETARY OF STATE,1,B,3,24376,JASON,HELLAND,,1336079,REPUBLICAN,REP
209,GE 2018,SECRETARY OF STATE,1,B,3,24377,JESSE,WHITE,,3120207,DEMOCRATIC,DEM
210,GE 2018,TREASURER,1,B,5,24378,JIM,DODGE,,1750897,REPUBLICAN,REP
211,GE 2018,TREASURER,1,B,5,24379,MICHAEL W.,FRERICHS,,2593816,DEMOCRATIC,DEM
212,GE 2018,2ND SENATE,1,J,102,24380,OMAR,AQUINO,,51282,DEMOCRATIC,DEM
213,GE 2018,5TH SENATE,1,J,105,24381,PATRICIA,VAN PELT,,63756,DEMOCRATIC,DEM
214,GE 2018,59TH SENATE,1,J,159,24382,DALE,FOWLER,,50475,REPUBLICAN,REP
215,GE 2018,14TH SENATE,1,J,114,24383,EMIL,"JONES, III",,65275,DEMOCRATIC,DEM
216,GE 2018,20TH SENATE,1,J,120,24384,IRIS Y.,MARTINEZ,,55151,DEMOCRATIC,DEM
217,GE 2018,26TH SENATE,1,J,126,24385,DAN,McCONCHIE,,51754,REPUBLICAN,REP
218,GE 2018,26TH SENATE,1,J,126,24386,TOM,GEORGES,,42924,DEMOCRATIC,DEM
219,GE 2018,53RD SENATE,1,J,153,24387,JASON,BARICKMAN,,66592,REPUBLICAN,REP
220,GE 2018,32ND SENATE,1,J,132,24388,CRAIG,WILCOX,,43402,REPUBLICAN,REP
221,GE 2018,32ND SENATE,1,J,132,24389,MARY,MAHADY,,35936,DEMOCRATIC,DEM
222,GE 2018,50TH SENATE,1,J,150,24390,STEVE,McCLURE,,72429,REPUBLICAN,REP
223,GE 2018,35TH SENATE,1,J,135,24391,DAVE,SYVERSON,,62422,REPUBLICAN,REP
224,GE 2018,44TH SENATE,1,J,144,24392,BILL,BRADY,,70464,REPUBLICAN,REP
225,GE 2018,100TH REPRESENTATIVE,1,J,2100,24393,"CHRISTOPHER ""C.D.""",DAVIDSMEYER,,33271,REPUBLICAN,REP
226,GE 2018,101ST REPRESENTATIVE,1,J,2101,24394,DAN,CAULKINS,,33043,REPUBLICAN,REP
227,GE 2018,101ST REPRESENTATIVE,1,J,2101,24395,JENNIFER,McMILLIN,,14379,DEMOCRATIC,DEM
228,GE 2018,102ND REPRESENTATIVE,1,J,2102,24396,BRAD,HALBROOK,,35206,REPUBLICAN,REP
229,GE 2018,103RD REPRESENTATIVE,1,J,2103,24397,CAROL,AMMONS,,30802,DEMOCRATIC,DEM
230,GE 2018,104TH REPRESENTATIVE,1,J,2104,24398,MIKE,MARRON,,20348,REPUBLICAN,REP
231,GE 2018,104TH REPRESENTATIVE,1,J,2104,24399,CYNTHIA E.,CUNNINGHAM,,16041,DEMOCRATIC,DEM
232,GE 2018,105TH REPRESENTATIVE,1,J,2105,24400,DAN,BRADY,,26486,REPUBLICAN,REP
233,GE 2018,105TH REPRESENTATIVE,1,J,2105,24401,BENJAMIN,WEBB,,17349,DEMOCRATIC,DEM
234,GE 2018,106TH REPRESENTATIVE,1,J,2106,24402,THOMAS M.,BENNETT,,32952,REPUBLICAN,REP
235,GE 2018,107TH REPRESENTATIVE,1,J,2107,24403,BLAINE,WILHOUR,,27112,REPUBLICAN,REP
236,GE 2018,107TH REPRESENTATIVE,1,J,2107,24404,DAVID J.,SEILER,,11779,DEMOCRATIC,DEM
237,GE 2018,108TH REPRESENTATIVE,1,J,2108,24405,CHARLES,MEIER,,38987,REPUBLICAN,REP
238,GE 2018,109TH REPRESENTATIVE,1,J,2109,24406,DARREN,BAILEY,,30048,REPUBLICAN,REP
239,GE 2018,109TH REPRESENTATIVE,1,J,2109,24407,CYNTHIA,GIVEN,,9417,DEMOCRATIC,DEM
240,GE 2018,56TH SENATE,1,J,156,24409,RACHELLE AUD,CROWE,,45727,DEMOCRATIC,DEM
241,GE 2018,10TH CONGRESS,1,F,10,24410,DOUGLAS R.,BENNETT,,82124,REPUBLICAN,REP
242,GE 2018,10TH CONGRESS,1,F,10,24411,BRAD,SCHNEIDER,,156540,DEMOCRATIC,DEM
243,GE 2018,10TH REPRESENTATIVE,1,J,2010,24412,MELISSA,CONYEARS-ERVIN,,31649,DEMOCRATIC,DEM
244,GE 2018,110TH REPRESENTATIVE,1,J,2110,24413,CHRIS,MILLER,,23955,REPUBLICAN,REP
245,GE 2018,110TH REPRESENTATIVE,1,J,2110,24414,SHIRLEY A.,BELL,,12691,DEMOCRATIC,DEM
246,GE 2018,111TH REPRESENTATIVE,1,J,2111,24415,MIKE,BABCOCK,,18739,REPUBLICAN,REP
247,GE 2018,111TH REPRESENTATIVE,1,J,2111,24416,MONICA,BRISTOW,,19095,DEMOCRATIC,DEM
248,GE 2018,112TH REPRESENTATIVE,1,J,2112,24417,DWIGHT D.,KAY,,20239,REPUBLICAN,REP
249,GE 2018,112TH REPRESENTATIVE,1,J,2112,24418,KATIE,STUART,,24807,DEMOCRATIC,DEM
250,GE 2018,113TH REPRESENTATIVE,1,J,2113,24419,DOUG,JAMESON,,14118,REPUBLICAN,REP
251,GE 2018,113TH REPRESENTATIVE,1,J,2113,24420,JAY,HOFFMAN,,23919,DEMOCRATIC,DEM
252,GE 2018,114TH REPRESENTATIVE,1,J,2114,24421,JASON,MADLOCK,,15373,REPUBLICAN,REP
253,GE 2018,114TH REPRESENTATIVE,1,J,2114,24422,LaTOYA N.,GREENWOOD,,21530,DEMOCRATIC,DEM
254,GE 2018,115TH REPRESENTATIVE,1,J,2115,24423,TERRI,BRYANT,,24512,REPUBLICAN,REP
255,GE 2018,115TH REPRESENTATIVE,1,J,2115,24424,MARSHA,GRIFFIN,,17050,DEMOCRATIC,DEM
256,GE 2018,116TH REPRESENTATIVE,1,J,2116,24425,DAVID,FRIESS,,19480,REPUBLICAN,REP
257,GE 2018,116TH REPRESENTATIVE,1,J,2116,24426,JERRY,COSTELLO II,,22429,DEMOCRATIC,DEM
258,GE 2018,117TH REPRESENTATIVE,1,J,2117,24427,DAVE,SEVERIN,,25046,REPUBLICAN,REP
259,GE 2018,117TH REPRESENTATIVE,1,J,2117,24428,JASON,WOOLARD,,19007,DEMOCRATIC,DEM
260,GE 2018,118TH REPRESENTATIVE,1,J,2118,24429,PATRICK,WINDHORST,,21956,REPUBLICAN,REP
261,GE 2018,118TH REPRESENTATIVE,1,J,2118,24430,NATALIE PHELPS,FINNIE,,16933,DEMOCRATIC,DEM
262,GE 2018,23RD SENATE,1,J,123,24431,SETH,LEWIS,,32582,REPUBLICAN,REP
263,GE 2018,23RD SENATE,1,J,123,24432,THOMAS,CULLERTON,,39604,DEMOCRATIC,DEM
264,GE 2018,11TH CONGRESS,1,F,11,24433,NICK,STELLA,,82358,REPUBLICAN,REP
265,GE 2018,11TH CONGRESS,1,F,11,24434,BILL,FOSTER,,145407,DEMOCRATIC,DEM
266,GE 2018,11TH REPRESENTATIVE,1,J,2011,24435,ANN M.,WILLIAMS,,42291,DEMOCRATIC,DEM
267,GE 2018,29TH SENATE,1,J,129,24436,BARRETT,DAVIE,,29791,REPUBLICAN,REP
268,GE 2018,29TH SENATE,1,J,129,24437,JULIE A.,MORRISON,,51162,DEMOCRATIC,DEM
269,GE 2018,47TH SENATE,1,J,147,24438,JIL,TRACY,,61521,REPUBLICAN,REP
270,GE 2018,38TH SENATE,1,J,138,24439,SUE,REZIN,,47977,REPUBLICAN,REP
271,GE 2018,38TH SENATE,1,J,138,24440,HEIDI,HENRY,,32799,DEMOCRATIC,DEM
272,GE 2018,12TH CONGRESS,1,F,12,24441,MIKE,BOST,,134884,REPUBLICAN,REP
273,GE 2018,12TH CONGRESS,1,F,12,24442,BRENDAN,KELLY,,118724,DEMOCRATIC,DEM
274,GE 2018,12TH CONGRESS,1,F,12,24443,RANDY,AUXIER,,7935,GREEN,GRN
275,GE 2018,12TH REPRESENTATIVE,1,J,2012,24444,SARA,FEIGENHOLTZ,,46346,DEMOCRATIC,DEM
276,GE 2018,12TH SENATE,1,J,112,24445,STEVEN,LANDEK,,38061,DEMOCRATIC,DEM
277,GE 2018,13TH CONGRESS,1,F,13,24446,RODNEY,DAVIS,,136516,REPUBLICAN,REP
278,GE 2018,13TH CONGRESS,1,F,13,24447,BETSY DIRKSEN,LONDRIGAN,,134458,DEMOCRATIC,DEM
279,GE 2018,13TH REPRESENTATIVE,1,J,2013,24448,GREGORY,HARRIS,,39456,DEMOCRATIC,DEM
280,GE 2018,41ST SENATE,1,J,141,24449,JOHN,CURRAN,,49692,REPUBLICAN,REP
281,GE 2018,41ST SENATE,1,J,141,24450,BRIDGET M.,FITZGERALD,,48046,DEMOCRATIC,DEM
282,GE 2018,COOK CIRCUIT - BREWER VACANCY,1,LC,10,24451,KATHRYN MALONEY,VAHEY,,1328540,DEMOCRATIC,DEM
283,GE 2018,COOK CIRCUIT - FLANAGAN VACANCY,1,LC,40,24452,PRESTON,JONES JR.,,1293252,DEMOCRATIC,DEM
284,GE 2018,COOK CIRCUIT - CLAY VACANCY,1,LC,20,24453,KATHALEEN THERESA,LANAHAN,,1303710,DEMOCRATIC,DEM
285,GE 2018,COOK CIRCUIT - EGAN VACANCY,1,LC,30,24454,ROSA MARIA,SILVA,,1314191,DEMOCRATIC,DEM
286,GE 2018,14TH CONGRESS,1,F,14,24455,"RANDALL M. ""RANDY""",HULTGREN,,141164,REPUBLICAN,REP
287,GE 2018,14TH CONGRESS,1,F,14,24456,LAUREN,UNDERWOOD,,156035,DEMOCRATIC,DEM
288,GE 2018,14TH REPRESENTATIVE,1,J,2014,24457,KELLY M.,CASSIDY,,37446,DEMOCRATIC,DEM
289,GE 2018,COOK CIRCUIT - HARTIGAN VACANCY,1,LC,50,24458,CECILIA ANNE,HORAN,,1292329,DEMOCRATIC,DEM
290,GE 2018,15TH CONGRESS,1,F,15,24459,JOHN M.,SHIMKUS,,181294,REPUBLICAN,REP
291,GE 2018,15TH CONGRESS,1,F,15,24460,KEVIN,GAITHER,,74309,DEMOCRATIC,DEM
292,GE 2018,15TH REPRESENTATIVE,1,J,2015,24461,AMANDA,BIELA,,13714,REPUBLICAN,REP
293,GE 2018,15TH REPRESENTATIVE,1,J,2015,24462,JOHN C.,D'AMICO,,21908,DEMOCRATIC,DEM
294,GE 2018,15TH SENATE,1,J,115,24463,NAPOLEON B.,"HARRIS, III",,59332,DEMOCRATIC,DEM
295,GE 2018,COOK CIRCUIT - JORDAN VACANCY,1,LC,60,24464,CLARE JOYCE,QUISH,,1251054,DEMOCRATIC,DEM
296,GE 2018,COOK CIRCUIT - McGINNIS VACANCY,1,LC,70,24465,PETER MICHAEL,GONZALEZ,,1232242,DEMOCRATIC,DEM
297,GE 2018,16TH CONGRESS,1,F,16,24466,ADAM,KINZINGER,,151254,REPUBLICAN,REP
298,GE 2018,16TH CONGRESS,1,F,16,24467,SARA,DADY,,104569,DEMOCRATIC,DEM
299,GE 2018,16TH REPRESENTATIVE,1,J,2016,24468,LOU,LANG,,24605,DEMOCRATIC,DEM
300,GE 2018,17TH CONGRESS,1,F,17,24469,"WILLIAM W. ""BILL""",FAWELL,,87090,REPUBLICAN,REP
301,GE 2018,17TH CONGRESS,1,F,17,24470,CHERI,BUSTOS,,142659,DEMOCRATIC,DEM
302,GE 2018,17TH REPRESENTATIVE,1,J,2017,24471,PETER,LEE,,15281,REPUBLICAN,REP
303,GE 2018,17TH REPRESENTATIVE,1,J,2017,24472,JENNIFER,GONG-GERSHOWITZ,,34328,DEMOCRATIC,DEM
304,GE 2018,COOK CIRCUIT - ROONEY VACANCY,1,LC,80,24473,JACK,HAGERTY,,1245917,DEMOCRATIC,DEM
305,GE 2018,18TH CONGRESS,1,F,18,24474,DARIN,LaHOOD,,195927,REPUBLICAN,REP
306,GE 2018,18TH CONGRESS,1,F,18,24475,JUNIUS,RODRIGUEZ,,95486,DEMOCRATIC,DEM
307,GE 2018,18TH REPRESENTATIVE,1,J,2018,24476,JULIE,CHO,,14697,REPUBLICAN,REP
308,GE 2018,18TH REPRESENTATIVE,1,J,2018,24477,ROBYN,GABEL,,37966,DEMOCRATIC,DEM
309,GE 2018,18TH SENATE,1,J,118,24478,BILL,CUNNINGHAM,,64048,DEMOCRATIC,DEM
310,GE 2018,"COOK - 1ST SUBCIRCUIT - HAMBRIGHT, JR. VACANCY",1,LC,110,24479,ERIKA,ORR,,76012,DEMOCRATIC,DEM
311,GE 2018,19TH REPRESENTATIVE,1,J,2019,24480,AMMIE,KESSEM,,13852,REPUBLICAN,REP
312,GE 2018,19TH REPRESENTATIVE,1,J,2019,24481,ROBERT,MARTWICK,,21389,DEMOCRATIC,DEM
313,GE 2018,COOK - 2ND SUBCIRCUIT - LAMPKIN VACANCY,1,LC,210,24482,TIANA ELLIS,BLAKELY,,77558,DEMOCRATIC,DEM
314,GE 2018,COOK - 2ND SUBCIRCUIT - LAWS VACANCY,1,LC,220,24483,ADRIENNE ELAINE,DAVIS,,77626,DEMOCRATIC,DEM
315,GE 2018,COOK - 4TH SUBCIRCUIT - DAVY  VACANCY,1,LC,410,24484,DAVID R.,NAVARRO,,78491,DEMOCRATIC,DEM
316,GE 2018,1ST CONGRESS,1,F,1,24485,JIMMY LEE,"TILLMAN, II",,50960,REPUBLICAN,REP
317,GE 2018,1ST CONGRESS,1,F,1,24486,BOBBY L.,RUSH,,189560,DEMOCRATIC,DEM
318,GE 2018,1ST REPRESENTATIVE,1,J,2001,24487,AARON M.,ORTIZ,,16913,DEMOCRATIC,DEM
319,GE 2018,20TH REPRESENTATIVE,1,J,2020,24488,MICHAEL P.,McAULIFFE,,27053,REPUBLICAN,REP
320,GE 2018,21ST SENATE,1,J,121,24491,MICHAEL G.,CONNELLY,,48749,REPUBLICAN,REP
321,GE 2018,21ST SENATE,1,J,121,24492,LAURA,ELLMAN,,49928,DEMOCRATIC,DEM
322,GE 2018,COOK - 4TH SUBCIRCUIT - RILEY  VACANCY,1,LC,420,24493,ELIZABETH,CIACCIA-LEZZA,,77134,DEMOCRATIC,DEM
323,GE 2018,22ND REPRESENTATIVE,1,J,2022,24494,MICHAEL J.,MADIGAN,,21619,DEMOCRATIC,DEM
324,GE 2018,23RD REPRESENTATIVE,1,J,2023,24495,MICHAEL J.,ZALEWSKI,,19161,DEMOCRATIC,DEM
325,GE 2018,24TH REPRESENTATIVE,1,J,2024,24496,"ELIZABETH ""LISA""",HERNANDEZ,,19329,DEMOCRATIC,DEM
326,GE 2018,24TH SENATE,1,J,124,24497,CHRIS,NYBO,,50059,REPUBLICAN,REP
327,GE 2018,24TH SENATE,1,J,124,24498,"SUZANNE ""SUZY""",GLOWIAK,,51695,DEMOCRATIC,DEM
328,GE 2018,25TH REPRESENTATIVE,1,J,2025,24499,CURTIS J.,TARVER II,,32796,DEMOCRATIC,DEM
329,GE 2018,26TH REPRESENTATIVE,1,J,2026,24500,CHRISTIAN L.,MITCHELL,,35992,DEMOCRATIC,DEM
330,GE 2018,27TH REPRESENTATIVE,1,J,2027,24501,JUSTIN Q.,SLAUGHTER,,33526,DEMOCRATIC,DEM
331,GE 2018,27TH SENATE,1,J,127,24502,TOM,ROONEY,,43375,REPUBLICAN,REP
332,GE 2018,27TH SENATE,1,J,127,24503,ANN,GILLESPIE,,46981,DEMOCRATIC,DEM
333,GE 2018,28TH REPRESENTATIVE,1,J,2028,24504,"ROBERT ""BOB""",RITA,,28841,DEMOCRATIC,DEM
334,GE 2018,29TH REPRESENTATIVE,1,J,2029,24505,THADDEUS,JONES,,33109,DEMOCRATIC,DEM
335,GE 2018,COOK - 5TH SUBCIRCUIT - BANKS  VACANCY,1,LC,510,24506,H YVONNE,COLEMAN,,62772,DEMOCRATIC,DEM
336,GE 2018,COOK - 5TH SUBCIRCUIT - JONES  VACANCY,1,LC,520,24507,MARIAN EMILY,PERKINS,,61033,DEMOCRATIC,DEM
337,GE 2018,"COOK - 5TH SUBCIRCUIT - WASHINGTON, II  VACANCY",1,LC,530,24508,ROBERT,HARRIS,,62010,DEMOCRATIC,DEM
338,GE 2018,2ND CONGRESS,1,F,2,24509,DAVID,MERKLE,,44567,REPUBLICAN,REP
339,GE 2018,2ND CONGRESS,1,F,2,24510,ROBIN,KELLY,,190684,DEMOCRATIC,DEM
340,GE 2018,2ND REPRESENTATIVE,1,J,2002,24511,THERESA,MAH,,20455,DEMOCRATIC,DEM
341,GE 2018,30TH REPRESENTATIVE,1,J,2030,24512,"WILLIAM ""WILL""",DAVIS,,25787,DEMOCRATIC,DEM
342,GE 2018,30TH SENATE,1,J,130,24513,SOOJAE,LEE,,18263,REPUBLICAN,REP
343,GE 2018,30TH SENATE,1,J,130,24514,TERRY,LINK,,38860,DEMOCRATIC,DEM
344,GE 2018,31ST REPRESENTATIVE,1,J,2031,24515,MARY E.,FLOWERS,,30214,DEMOCRATIC,DEM
345,GE 2018,32ND REPRESENTATIVE,1,J,2032,24516,ANDR╔,THAPEDI,,22901,DEMOCRATIC,DEM
346,GE 2018,33RD REPRESENTATIVE,1,J,2033,24517,MARCUS C.,"EVANS, JR.",,32916,DEMOCRATIC,DEM
347,GE 2018,33RD SENATE,1,J,133,24519,NANCY,ZETTLER,,44965,DEMOCRATIC,DEM
348,GE 2018,35TH REPRESENTATIVE,1,J,2035,24521,HERBERT,HEBEIN,,13821,REPUBLICAN,REP
349,GE 2018,35TH REPRESENTATIVE,1,J,2035,24522,FRANCES ANN,HURLEY,,30511,DEMOCRATIC,DEM
350,GE 2018,36TH REPRESENTATIVE,1,J,2036,24523,KELLY M.,BURKE,,30339,DEMOCRATIC,DEM
351,GE 2018,36TH SENATE,1,J,136,24524,NEIL,ANDERSON,,38728,REPUBLICAN,REP
352,GE 2018,36TH SENATE,1,J,136,24525,GREGG,JOHNSON,,37447,DEMOCRATIC,DEM
353,GE 2018,37TH REPRESENTATIVE,1,J,2037,24526,MARGO,McDERMED,,27148,REPUBLICAN,REP
354,GE 2018,37TH REPRESENTATIVE,1,J,2037,24527,MATTHEW J.,HUNT,,19675,DEMOCRATIC,DEM
355,GE 2018,38TH REPRESENTATIVE,1,J,2038,24528,DEBBIE,MEYERS-MARTIN,,35832,DEMOCRATIC,DEM
356,GE 2018,39TH REPRESENTATIVE,1,J,2039,24529,WILL,GUZZARDI,,26106,DEMOCRATIC,DEM
357,GE 2018,39TH SENATE,1,J,139,24530,DON,HARMON,,54149,DEMOCRATIC,DEM
358,GE 2018,COOK - 6TH SUBCIRCUIT -  CHEVERE VACANCY,1,LC,610,24531,KENT,DELGADO,,84407,DEMOCRATIC,DEM
359,GE 2018,3RD CONGRESS,1,F,3,24532,ARTHUR J.,JONES,,57885,REPUBLICAN,REP
360,GE 2018,3RD CONGRESS,1,F,3,24533,DANIEL WILLIAM,LIPINSKI,,163053,DEMOCRATIC,DEM
361,GE 2018,3RD REPRESENTATIVE,1,J,2003,24534,LUIS,ARROYO,,19782,DEMOCRATIC,DEM
362,GE 2018,3RD SENATE,1,J,103,24535,MATTIE,HUNTER,,62764,DEMOCRATIC,DEM
363,GE 2018,40TH REPRESENTATIVE,1,J,2040,24536,JAIME M.,"ANDRADE, JR.",,27755,DEMOCRATIC,DEM
364,GE 2018,41ST REPRESENTATIVE,1,J,2041,24537,GRANT,WEHRLI,,24798,REPUBLICAN,REP
365,GE 2018,41ST REPRESENTATIVE,1,J,2041,24538,VAL,MONTGOMERY,,22890,DEMOCRATIC,DEM
366,GE 2018,42ND REPRESENTATIVE,1,J,2042,24539,AMY L.,GRANT,,26381,REPUBLICAN,REP
367,GE 2018,42ND REPRESENTATIVE,1,J,2042,24540,KATHLEEN V.,CARRIER,,24122,DEMOCRATIC,DEM
368,GE 2018,42ND SENATE,1,J,142,24541,LINDA,HOLMES,,41787,DEMOCRATIC,DEM
369,GE 2018,43RD REPRESENTATIVE,1,J,2043,24542,ANDREW R.,CUMING,,6090,REPUBLICAN,REP
370,GE 2018,43RD REPRESENTATIVE,1,J,2043,24543,ANNA,MOELLER,,14631,DEMOCRATIC,DEM
371,GE 2018,44TH REPRESENTATIVE,1,J,2044,24544,KATY DOLAN,BAUMER,,9459,REPUBLICAN,REP
372,GE 2018,44TH REPRESENTATIVE,1,J,2044,24545,FRED,CRESPO,,18028,DEMOCRATIC,DEM
373,GE 2018,45TH REPRESENTATIVE,1,J,2045,24546,CHRISTINE JENNIFER,WINGER,,19711,REPUBLICAN,REP
374,GE 2018,45TH SENATE,1,J,145,24548,BRIAN W.,STEWART,,49936,REPUBLICAN,REP
375,GE 2018,45TH SENATE,1,J,145,24549,DAVID,SIMPSON,,29781,DEMOCRATIC,DEM
376,GE 2018,46TH REPRESENTATIVE,1,J,2046,24550,GORDON (JAY),KINZLER,,13155,REPUBLICAN,REP
377,GE 2018,46TH REPRESENTATIVE,1,J,2046,24551,DEB,CONROY,,18679,DEMOCRATIC,DEM
378,GE 2018,47TH REPRESENTATIVE,1,J,2047,24552,DEANNE MARIE,MAZZOCHI,,26515,REPUBLICAN,REP
379,GE 2018,47TH REPRESENTATIVE,1,J,2047,24553,"JAMES M. ""JIM""",CAFFREY,,24938,DEMOCRATIC,DEM
380,GE 2018,48TH REPRESENTATIVE,1,J,2048,24554,PETER,BREEN,,23313,REPUBLICAN,REP
381,GE 2018,48TH REPRESENTATIVE,1,J,2048,24555,TERRA COSTA,HOWARD,,26820,DEMOCRATIC,DEM
382,GE 2018,48TH SENATE,1,J,148,24556,SETH,McMILLAN,,32021,REPUBLICAN,REP
383,GE 2018,48TH SENATE,1,J,148,24557,ANDY,MANAR,,42068,DEMOCRATIC,DEM
384,GE 2018,49TH REPRESENTATIVE,1,J,2049,24558,TONIA JANE,KHOURI,,18997,REPUBLICAN,REP
385,GE 2018,49TH REPRESENTATIVE,1,J,2049,24559,KARINA,VILLA,,22133,DEMOCRATIC,DEM
386,GE 2018,COOK - 6TH SUBCIRCUIT - COOKE VACANCY,1,LC,620,24560,ANDREA MICHELLE,WEBBER,,83544,DEMOCRATIC,DEM
387,GE 2018,COOK - 6TH SUBCIRCUIT - LOPEZ CEPERO VACANCY,1,LC,630,24561,LINDA,PEREZ,,83570,DEMOCRATIC,DEM
388,GE 2018,COOK - 8TH SUBCIRCUIT - FABRI  VACANCY,1,LC,810,24562,"JAMES ""JAMIE""",SHAPIRO,,134378,DEMOCRATIC,DEM
389,GE 2018,COOK - 8TH SUBCIRCUIT - LIU VACANCY,1,LC,820,24563,LINDSAY,HUGE,,133820,DEMOCRATIC,DEM
390,GE 2018,4TH CONGRESS,1,F,4,24564,MARK WAYNE,LORCH,,22294,REPUBLICAN,REP
391,GE 2018,4TH CONGRESS,1,F,4,24565,"JESUS ""CHUY""",GARCIA,,143895,DEMOCRATIC,DEM
392,GE 2018,4TH REPRESENTATIVE,1,J,2004,24566,DELIA C.,RAMIREZ,,31797,DEMOCRATIC,DEM
393,GE 2018,50TH REPRESENTATIVE,1,J,2050,24567,KEITH R.,WHEELER,,25862,REPUBLICAN,REP
394,GE 2018,50TH REPRESENTATIVE,1,J,2050,24568,JAMES G.,LESLIE,,21170,DEMOCRATIC,DEM
395,GE 2018,51ST SENATE,1,J,151,24570,CHAPIN,ROSE,,77252,REPUBLICAN,REP
396,GE 2018,52ND REPRESENTATIVE,1,J,2052,24571,DAVID,McSWEENEY,,30399,REPUBLICAN,REP
397,GE 2018,53RD REPRESENTATIVE,1,J,2053,24572,EDDIE,CORRIGAN,,21580,REPUBLICAN,REP
398,GE 2018,53RD REPRESENTATIVE,1,J,2053,24573,MARK L.,WALKER,,23792,DEMOCRATIC,DEM
399,GE 2018,54TH REPRESENTATIVE,1,J,2054,24574,TOM,MORRISON,,22490,REPUBLICAN,REP
400,GE 2018,54TH REPRESENTATIVE,1,J,2054,24575,MAGGIE,TREVOR,,22447,DEMOCRATIC,DEM
401,GE 2018,54TH SENATE,1,J,154,24576,JASON,PLUMMER,,59476,REPUBLICAN,REP
402,GE 2018,55TH REPRESENTATIVE,1,J,2055,24577,MARILYN,SMOLENSKI,,16308,REPUBLICAN,REP
403,GE 2018,55TH REPRESENTATIVE,1,J,2055,24578,MARTIN J.,MOYLAN,,20449,DEMOCRATIC,DEM
404,GE 2018,56TH REPRESENTATIVE,1,J,2056,24579,JILLIAN,ROSE BERNAS,,14923,REPUBLICAN,REP
405,GE 2018,56TH REPRESENTATIVE,1,J,2056,24580,MICHELLE,MUSSMAN,,21352,DEMOCRATIC,DEM
406,GE 2018,57TH REPRESENTATIVE,1,J,2057,24582,JONATHAN,CARROLL,,24446,DEMOCRATIC,DEM
407,GE 2018,57TH SENATE,1,J,157,24583,TANYA,HILDENBRAND,,30496,REPUBLICAN,REP
408,GE 2018,57TH SENATE,1,J,157,24584,CHRISTOPHER,BELT,,44254,DEMOCRATIC,DEM
409,GE 2018,58TH REPRESENTATIVE,1,J,2058,24586,BOB,MORGAN,,29974,DEMOCRATIC,DEM
410,GE 2018,1ST SUPREME - RETAIN BURKE,1,RA,105,24587,ANNE M.,BURKE - YES,,1106592,,
411,GE 2018,1ST SUPREME - RETAIN BURKE,1,RA,105,24588,ANNE M.,BURKE - NO,,258253,,
412,GE 2018,1ST APPELLATE - RETAIN MCBRIDE,1,RB,110,24589,MARGARET STANTON,MCBRIDE - YES,,1067004,,
413,GE 2018,1ST APPELLATE - RETAIN MCBRIDE,1,RB,110,24590,MARGARET STANTON,MCBRIDE - NO,,248831,,
414,GE 2018,2ND APPELLATE - RETAIN MCLAREN,1,RB,205,24591,ROBERT D.,MCLAREN - YES,,782693,,
415,GE 2018,2ND APPELLATE - RETAIN MCLAREN,1,RB,205,24592,ROBERT D.,MCLAREN - NO,,203831,,
416,GE 2018,1ST CIRCUIT - RETAIN BLEYER,1,RC,105,24593,BRAD K.,BLEYER - YES,,53828,,
417,GE 2018,1ST CIRCUIT - RETAIN BLEYER,1,RC,105,24594,BRAD K.,BLEYER - NO,,15731,,
418,GE 2018,1ST CIRCUIT - RETAIN BOIE,1,RC,102,24595,MARK M.,BOIE - YES,,52450,,
419,GE 2018,1ST CIRCUIT - RETAIN BOIE,1,RC,102,24596,MARK M.,BOIE - NO,,16769,,
420,GE 2018,2ND CIRCUIT - RETAIN DIRNBECK,1,RC,208,24597,ERIC J.,DIRNBECK - YES,,45493,,
421,GE 2018,2ND CIRCUIT - RETAIN DIRNBECK,1,RC,208,24598,ERIC J.,DIRNBECK - NO,,13681,,
422,GE 2018,2ND CIRCUIT - RETAIN MORGAN,1,RC,203,24599,MELISSA,MORGAN - YES,,46189,,
423,GE 2018,2ND CIRCUIT - RETAIN MORGAN,1,RC,203,24600,MELISSA,MORGAN - NO,,13762,,
424,GE 2018,2ND CIRCUIT - RETAIN WEBB,1,RC,206,24601,T. SCOTT,WEBB - YES,,46788,,
425,GE 2018,2ND CIRCUIT - RETAIN WEBB,1,RC,206,24602,T. SCOTT,WEBB - NO,,12947,,
426,GE 2018,"2ND CIRCUIT - RETAIN WEBER, CHRISTOPHER L.",1,RC,204,24603,CHRISTOPHER L.,WEBER - YES,,46390,,
427,GE 2018,"2ND CIRCUIT - RETAIN WEBER, CHRISTOPHER L.",1,RC,204,24604,CHRISTOPHER L.,WEBER - NO,,13175,,
428,GE 2018,"2ND CIRCUIT - RETAIN WEBER, JO BETH",1,RC,207,24605,JO BETH,WEBER - YES,,48537,,
429,GE 2018,"2ND CIRCUIT - RETAIN WEBER, JO BETH",1,RC,207,24606,JO BETH,WEBER - NO,,12753,,
430,GE 2018,3RD CIRCUIT - RETAIN HYLLA,1,RC,303,24607,DAVE,HYLLA - YES,,73657,,
431,GE 2018,3RD CIRCUIT - RETAIN HYLLA,1,RC,303,24608,DAVE,HYLLA - NO,,23198,,
432,GE 2018,3RD CIRCUIT - RETAIN NAPP,1,RC,308,24609,KYLE ANNE,NAPP - YES,,74197,,
433,GE 2018,3RD CIRCUIT - RETAIN NAPP,1,RC,308,24610,KYLE ANNE,NAPP - NO,,22624,,
434,GE 2018,4TH CIRCUIT - RETAIN HARTIGAN,1,RC,405,24611,DANIEL E.,HARTIGAN - YES,,63069,,
435,GE 2018,4TH CIRCUIT - RETAIN HARTIGAN,1,RC,405,24612,DANIEL E.,HARTIGAN - NO,,18218,,
436,GE 2018,4TH CIRCUIT - RETAIN KOESTER,1,RC,406,24613,KIMBERLY G.,KOESTER - YES,,64705,,
437,GE 2018,4TH CIRCUIT - RETAIN KOESTER,1,RC,406,24614,KIMBERLY G.,KOESTER - NO,,16921,,
438,GE 2018,5TH CIRCUIT - RETAIN DEARMOND,1,RC,503,24615,CRAIG H.,DeARMOND - YES,,42763,,
439,GE 2018,5TH CIRCUIT - RETAIN FAHEY,1,RC,506,24616,NANCY S.,FAHEY - YES,,42432,,
440,GE 2018,5TH CIRCUIT - RETAIN DEARMOND,1,RC,503,24617,CRAIG H.,DeARMOND - NO,,8751,,
441,GE 2018,5TH CIRCUIT - RETAIN FAHEY,1,RC,506,24618,NANCY S.,FAHEY - NO,,8895,,
442,GE 2018,5TH CIRCUIT - RETAIN O'BRIEN,1,RC,508,24619,BRIEN J.,O'BRIEN - YES,,42812,,
443,GE 2018,5TH CIRCUIT - RETAIN O'BRIEN,1,RC,508,24620,BRIEN J.,O'BRIEN - NO,,8284,,
444,GE 2018,6TH CIRCUIT - RETAIN FORD,1,RC,603,24621,JEFFREY B. ôJEFFö,FORD - YES,,97313,,
445,GE 2018,6TH CIRCUIT - RETAIN FORD,1,RC,603,24622,JEFFREY B. ôJEFFö,FORD - NO,,22206,,
446,GE 2018,6TH CIRCUIT - RETAIN GRIFFITH,1,RC,605,24623,THOMAS E.,GRIFFITH - YES,,96085,,
447,GE 2018,6TH CIRCUIT - RETAIN GRIFFITH,1,RC,605,24624,THOMAS E.,GRIFFITH - NO,,22131,,
448,GE 2018,7TH CIRCUIT - RETAIN BELZ,1,RC,702,24625,JOHN,BELZ - YES,,90287,,
449,GE 2018,7TH CIRCUIT - RETAIN BELZ,1,RC,702,24626,JOHN,BELZ -  NO,,20064,,
450,GE 2018,7TH CIRCUIT - RETAIN CHERRY,1,RC,709,24627,DAVID R.,CHERRY - YES,,88368,,
451,GE 2018,7TH CIRCUIT - RETAIN CHERRY,1,RC,709,24628,DAVID R.,CHERRY - NO,,20405,,
452,GE 2018,7TH CIRCUIT - RETAIN DEIHL,1,RC,707,24629,KENNETH R.,DEIHL - YES,,88395,,
453,GE 2018,7TH CIRCUIT - RETAIN DEIHL,1,RC,707,24630,KENNETH R.,DEIHL - NO,,20447,,
454,GE 2018,7TH CIRCUIT - RETAIN PISTORIUS,1,RC,705,24631,ERIC S.,PISTORIUS - YES,,88033,,
455,GE 2018,7TH CIRCUIT - RETAIN PISTORIUS,1,RC,705,24632,ERIC S.,PISTORIUS - NO,,21460,,
456,GE 2018,8TH CIRCUIT - RETAIN McCARTNEY,1,RC,806,24633,J. FRANK,McCARTNEY - YES,,40581,,
457,GE 2018,8TH CIRCUIT - RETAIN McCARTNEY,1,RC,806,24634,J. FRANK,McCARTNEY - NO,,7316,,
458,GE 2018,9TH CIRCUIT - RETAIN CLARK,1,RC,906,24635,RODNEY G.,CLARK - YES,,41971,,
459,GE 2018,9TH CIRCUIT - RETAIN CLARK,1,RC,906,24636,RODNEY G.,CLARK - NO,,7859,,
460,GE 2018,9TH CIRCUIT - RETAIN SHIPPLETT,1,RC,903,24637,SCOTT,SHIPPLETT - YES,,41892,,
461,GE 2018,9TH CIRCUIT - RETAIN SHIPPLETT,1,RC,903,24638,SCOTT,SHIPPLETT - NO,,8138,,
462,GE 2018,9TH CIRCUIT - RETAIN STANDARD,1,RC,908,24639,JAMES,STANDARD - YES,,40750,,
463,GE 2018,9TH CIRCUIT - RETAIN STANDARD,1,RC,908,24640,JAMES,STANDARD - NO,,9210,,
464,GE 2018,10TH CIRCUIT - RETAIN GILFILLAN,1,RC,1003,24641,PAUL,GILFILLAN - YES,,94713,,
465,GE 2018,10TH CIRCUIT - RETAIN GILFILLAN,1,RC,1003,24642,PAUL,GILFILLAN - NO,,16066,,
466,GE 2018,10TH CIRCUIT - RETAIN GORMAN,1,RC,1008,24643,KATE,GORMAN - YES,,97063,,
467,GE 2018,10TH CIRCUIT - RETAIN GORMAN,1,RC,1008,24644,KATE,GORMAN - NO,,14725,,
468,GE 2018,10TH CIRCUIT - RETAIN LYONS,1,RC,1006,24645,KEVIN W.,LYONS - YES,,87356,,
469,GE 2018,10TH CIRCUIT - RETAIN LYONS,1,RC,1006,24646,KEVIN W.,LYONS - NO,,26735,,
470,GE 2018,11TH CIRCUIT - RETAIN FOLEY,1,RC,1107,24647,REBECCA SIMMONS,FOLEY - YES,,80474,,
471,GE 2018,11TH CIRCUIT - RETAIN FOLEY,1,RC,1107,24648,REBECCA SIMMONS,FOLEY - NO,,16115,,
472,GE 2018,11TH CIRCUIT - RETAIN LAWRENCE,1,RC,1105,24649,PAUL,LAWRENCE - YES,,81779,,
473,GE 2018,11TH CIRCUIT - RETAIN LAWRENCE,1,RC,1105,24650,PAUL,LAWRENCE - NO,,15180,,
474,GE 2018,13TH CIRCUIT - RETAIN HOLLAND,1,RC,1307,24651,TROY,HOLLAND - YES,,54053,,
475,GE 2018,13TH CIRCUIT - RETAIN HOLLAND,1,RC,1307,24652,TROY,HOLLAND - NO,,10823,,
476,GE 2018,13TH CIRCUIT - RETAIN RACCUGLIA,1,RC,1302,24653,CYNTHIA M.,RACCUGLIA - YES,,50530,,
477,GE 2018,13TH CIRCUIT - RETAIN RACCUGLIA,1,RC,1302,24654,CYNTHIA M.,RACCUGLIA - NO,,15987,,
478,GE 2018,14TH CIRCUIT - RETAIN OÆCONNOR,1,RC,1400,24655,JEFFREY W.,OÆCONNOR - YES,,71235,,
479,GE 2018,14TH CIRCUIT - RETAIN OÆCONNOR,1,RC,1400,24656,JEFFREY W.,OÆCONNOR - NO,,17975,,
480,GE 2018,14TH CIRCUIT - RETAIN STEINES,1,RC,1405,24657,STANLEY B.,STEINES - YES,,70700,,
481,GE 2018,14TH CIRCUIT - RETAIN STEINES,1,RC,1405,24658,STANLEY B.,STEINES - NO,,17379,,
482,GE 2018,14TH CIRCUIT - RETAIN VANDEWIELE,1,RC,1403,24659,MARK A.,VANDEWIELE - YES,,72379,,
483,GE 2018,14TH CIRCUIT - RETAIN VANDEWIELE,1,RC,1403,24660,MARK A.,VANDEWIELE - NO,,16330,,
484,GE 2018,15TH CIRCUIT - RETAIN BALD,1,RC,1503,24661,MICHAEL P.,BALD - YES,,47334,,
485,GE 2018,15TH CIRCUIT - RETAIN BALD,1,RC,1503,24662,MICHAEL P.,BALD - NO,,7659,,
486,GE 2018,15TH CIRCUIT - RETAIN HANSON,1,RC,1507,24663,ROBERT T.,HANSON - YES,,46752,,
487,GE 2018,15TH CIRCUIT - RETAIN HANSON,1,RC,1507,24664,ROBERT T.,HANSON - NO,,7516,,
488,GE 2018,16TH CIRCUIT - RETAIN BARSANTI,1,RC,1605,24665,JOHN A.,BARSANTI - YES,,113486,,
489,GE 2018,16TH CIRCUIT - RETAIN BARSANTI,1,RC,1605,24666,JOHN A.,BARSANTI - NO,,31994,,
490,GE 2018,16TH CIRCUIT - RETAIN HUDSON,1,RC,1602,24667,DONALD C.,HUDSON - YES,,113587,,
491,GE 2018,16TH CIRCUIT - RETAIN HUDSON,1,RC,1602,24668,DONALD C.,HUDSON - NO,,31506,,
492,GE 2018,16TH CIRCUIT - RETAIN DALTON,1,RC,1607,24669,JOHN G.,DALTON - YES,,108595,,
493,GE 2018,16TH CIRCUIT - RETAIN DALTON,1,RC,1607,24670,JOHN G.,DALTON - NO,,35877,,
494,GE 2018,17TH CIRCUIT - RETAIN MAHER,1,RC,1705,24671,BRENDAN,MAHER - YES,,80995,,
495,GE 2018,17TH CIRCUIT - RETAIN MAHER,1,RC,1705,24672,BRENDAN,MAHER - NO,,16673,,
496,GE 2018,18TH CIRCUIT - RETAIN OÆSHEA,1,RC,1805,24673,PATRICK J.,OÆSHEA - YES,,214881,,
497,GE 2018,18TH CIRCUIT - RETAIN OÆSHEA,1,RC,1805,24674,PATRICK J.,OÆSHEA - NO,,95286,,
498,GE 2018,19TH CIRCUIT - RETAIN FIX,1,RC,1905,24675,PATRICIA S.,FIX - YES,,157222,,
499,GE 2018,19TH CIRCUIT - RETAIN FIX,1,RC,1905,24676,PATRICIA S.,FIX - NO,,42514,,
500,GE 2018,19TH CIRCUIT - RETAIN SCHIPPERS,1,RC,1908,24677,THOMAS,SCHIPPERS - YES,,158714,,
501,GE 2018,19TH CIRCUIT - RETAIN SCHIPPERS,1,RC,1908,24678,THOMAS,SCHIPPERS - NO,,40435,,
502,GE 2018,20TH CIRCUIT - RETAIN CRUSE,1,RC,2004,24680,ZINA R.,CRUSE - YES,,83036,,
503,GE 2018,20TH CIRCUIT - RETAIN CRUSE,1,RC,2004,24681,ZINA R.,CRUSE - NO,,42860,,
504,GE 2018,20TH CIRCUIT - RETAIN EMGE,1,RC,2006,24682,DANIEL J.,EMGE - YES,,87821,,
505,GE 2018,20TH CIRCUIT - RETAIN EMGE,1,RC,2006,24683,DANIEL J.,EMGE - NO,,34450,,
506,GE 2018,20TH CIRCUIT - RETAIN GLEESON,1,RC,2008,24684,ANDREW J.,GLEESON - YES,,88732,,
507,GE 2018,20TH CIRCUIT - RETAIN GLEESON,1,RC,2008,24685,ANDREW J.,GLEESON - NO,,35055,,
508,GE 2018,22ND CIRCUIT - RETAIN CHMIEL,1,RC,2203,24686,MICHAEL J.,CHMIEL - YES,,79845,,
509,GE 2018,22ND CIRCUIT - RETAIN CHMIEL,1,RC,2203,24687,MICHAEL J.,CHMIEL - NO,,24215,,
510,GE 2018,23RD CIRCUIT - RETAIN  BARNHART,1,RC,2305,24688,MELISSA S.,BARNHART - YES,,57729,,
511,GE 2018,23RD CIRCUIT - RETAIN  BARNHART,1,RC,2305,24689,MELISSA S.,BARNHART - NO,,12642,,
512,GE 2018,23RD CIRCUIT - RETAIN MATEKAITIS,1,RC,2307,24690,RONALD G.,MATEKAITIS - YES,,54705,,
513,GE 2018,23RD CIRCUIT - RETAIN MATEKAITIS,1,RC,2307,24691,RONALD G.,MATEKAITIS - NO,,14817,,
514,GE 2018,COOK CIRCUIT - RETAIN BROSNAHAN,1,RC,30160,24692,MARY MARGARET,BROSNAHAN - YES,,973014,,
515,GE 2018,COOK CIRCUIT - RETAIN BROSNAHAN,1,RC,30160,24693,MARY MARGARET,BROSNAHAN - NO,,296197,,
516,GE 2018,COOK CIRCUIT - RETAIN COGHLAN,1,RC,30165,24694,MATTHEW E.,COGHLAN - YES,,675701,,
517,GE 2018,COOK CIRCUIT - RETAIN COGHLAN,1,RC,30165,24695,MATTHEW E.,COGHLAN - NO,,619784,,
518,GE 2018,COOK CIRCUIT - RETAIN FLANAGAN,1,RC,30005,24696,KATHY M.,FLANAGAN - YES,,973935,,
519,GE 2018,COOK CIRCUIT - RETAIN FLANAGAN,1,RC,30005,24697,KATHY M.,FLANAGAN - NO,,337280,,
520,GE 2018,COOK CIRCUIT - RETAIN HABERKORN,1,RC,30130,24699,CATHERINE MARIE,HABERKORN - YES,,967323,,
521,GE 2018,COOK CIRCUIT - RETAIN HAYES,1,RC,30630,24700,ELIZABETH MARY,HAYES - YES,,1013817,,
522,GE 2018,COOK CIRCUIT - RETAIN HAYES,1,RC,30630,24701,ELIZABETH MARY,HAYES - NO,,230475,,
523,GE 2018,COOK CIRCUIT - RETAIN HABERKORN,1,RC,30130,24702,CATHERINE MARIE,HABERKORN - NO,,298391,,
524,GE 2018,COOK CIRCUIT - RETAIN KARKULA,1,RC,30150,24703,PAUL A.,KARKULA - YES,,934324,,
525,GE 2018,COOK CIRCUIT - RETAIN KARKULA,1,RC,30150,24704,PAUL A.,KARKULA - NO,,312510,,
526,GE 2018,COOK CIRCUIT - RETAIN LEEMING,1,RC,30535,24705,PAMELA M.,LEEMING - YES,,985988,,
527,GE 2018,COOK CIRCUIT - RETAIN LEEMING,1,RC,30535,24706,PAMELA M.,LEEMING - NO,,251820,,
528,GE 2018,COOK CIRCUIT - RETAIN LUBIN,1,RC,30105,24707,STUART F.,LUBIN - YES,,935456,,
529,GE 2018,COOK CIRCUIT - RETAIN LUBIN,1,RC,30105,24708,STUART F.,LUBIN - NO,,319569,,
530,GE 2018,COOK CIRCUIT - RETAIN MARAS,1,RC,30140,24709,MARCIA,MARAS - YES,,1016870,,
531,GE 2018,COOK CIRCUIT - RETAIN MARAS,1,RC,30140,24710,MARCIA,MARAS - NO,,253439,,
532,GE 2018,COOK CIRCUIT - RETAIN MARSALEK,1,RC,30530,24711,DIANN KAREN,MARSALEK - YES,,976378,,
533,GE 2018,COOK CIRCUIT - RETAIN MARSALEK,1,RC,30530,24712,DIANN KAREN,MARSALEK - NO,,263001,,
534,GE 2018,COOK CIRCUIT - RETAIN McHALE,1,RC,30235,24713,MIKE,MCHALE - YES,,894950,,
535,GE 2018,COOK CIRCUIT - RETAIN McHALE,1,RC,30235,24714,MIKE,MCHALE - NO,,348185,,
536,GE 2018,COOK CIRCUIT - RETAIN MULLEN,1,RC,30655,24715,MICHAEL TULLY,MULLEN - YES,,928125,,
537,GE 2018,COOK CIRCUIT - RETAIN MULLEN,1,RC,30655,24716,MICHAEL TULLY,MULLEN - NO,,298345,,
538,GE 2018,"COOK CIRCUIT - RETAIN MURPHY, JAMES PATRICK",1,RC,30240,24717,JAMES PATRICK,MURPHY - YES,,971748,,
539,GE 2018,"COOK CIRCUIT - RETAIN MURPHY, JAMES PATRICK",1,RC,30240,24718,JAMES PATRICK,MURPHY - NO,,278091,,
540,GE 2018,COOK CIRCUIT - RETAIN GORMAN,1,RC,30170,24719,JOYCE MARIE MURPHY,GORMAN - YES,,1004794,,
541,GE 2018,COOK CIRCUIT - RETAIN GORMAN,1,RC,30170,24720,JOYCE MARIE MURPHY,GORMAN - NO,,254489,,
542,GE 2018,"COOK CIRCUIT - RETAIN OÆBRIEN, JOAN MARGARET",1,RC,30175,24723,JOAN MARGARET,OÆBRIEN - YES,,1000697,,
543,GE 2018,"COOK CIRCUIT - RETAIN OÆBRIEN, JOAN MARGARET",1,RC,30175,24724,JOAN MARGARET,OÆBRIEN - NO,,261656,,
544,GE 2018,COOK CIRCUIT - RETAIN OÆMALLEY,1,RC,30665,24725,KAREN LYNN,OÆMALLEY - YES,,990479,,
545,GE 2018,COOK CIRCUIT - RETAIN OÆMALLEY,1,RC,30665,24726,KAREN LYNN,OÆMALLEY - NO,,258812,,
546,GE 2018,COOK CIRCUIT - RETAIN PROPES,1,RC,30410,24727,LORNA ELLEN,PROPES - YES,,969113,,
547,GE 2018,COOK CIRCUIT - RETAIN PROPES,1,RC,30410,24728,LORNA ELLEN,PROPES - NO,,273454,,
548,GE 2018,COOK CIRCUIT - RETAIN RAMIREZ,1,RC,30675,24729,CYNTHIA,RAMIREZ - YES,,1019943,,
549,GE 2018,COOK CIRCUIT - RETAIN RAMIREZ,1,RC,30675,24730,CYNTHIA,RAMIREZ - NO,,238809,,
550,GE 2018,COOK CIRCUIT - RETAIN REDDICK,1,RC,30505,24731,ERICA L.,REDDICK - YES,,995850,,
551,GE 2018,COOK CIRCUIT - RETAIN REDDICK,1,RC,30505,24732,ERICA L.,REDDICK - NO,,247126,,
552,GE 2018,COOK CIRCUIT - RETAIN ROTI,1,RC,30180,24733,THOMAS DAVID,ROTI - YES,,935992,,
553,GE 2018,COOK CIRCUIT - RETAIN ROTI,1,RC,30180,24734,THOMAS DAVID,ROTI - NO,,304750,,
554,GE 2018,COOK CIRCUIT - RETAIN SHEEHAN,1,RC,30185,24735,COLLEEN F.,SHEEHAN - YES,,1005264,,
555,GE 2018,COOK CIRCUIT - RETAIN SHEEHAN,1,RC,30185,24736,COLLEEN F.,SHEEHAN - NO,,258138,,
556,GE 2018,COOK CIRCUIT - RETAIN WALKER,1,RC,30200,24737,CARL ANTHONY,WALKER - YES,,978368,,
557,GE 2018,COOK CIRCUIT - RETAIN WALKER,1,RC,30200,24738,CARL ANTHONY,WALKER - NO,,269474,,
558,GE 2018,COOK CIRCUIT - RETAIN BOYD,1,RC,30605,24739,CARL B.,BOYD - YES,,960884,,
559,GE 2018,COOK CIRCUIT - RETAIN BOYD,1,RC,30605,24740,CARL B.,BOYD - NO,,273140,,
560,GE 2018,"COOK CIRCUIT - RETAIN WRIGHT, JR.",1,RC,30120,24741,E. KENNETH,"WRIGHT, JR. - YES",,995608,,
561,GE 2018,"COOK CIRCUIT - RETAIN WRIGHT, JR.",1,RC,30120,24742,E. KENNETH,"WRIGHT, JR. - NO",,266911,,
562,GE 2018,COOK CIRCUIT - RETAIN DEGNAN,1,RC,30610,24743,DANIEL R.,DEGNAN - YES,,924444,,
563,GE 2018,COOK CIRCUIT - RETAIN DEGNAN,1,RC,30610,24744,DANIEL R.,DEGNAN - NO,,301725,,
564,GE 2018,COOK CIRCUIT - RETAIN FLYNN,1,RC,30145,24745,PETER,FLYNN - YES,,923545,,
565,GE 2018,COOK CIRCUIT - RETAIN FLYNN,1,RC,30145,24746,PETER,FLYNN - NO,,341505,,
566,GE 2018,"COOK CIRCUIT - RETAIN MURPHY, THOMAS W.",1,RC,30245,24747,THOMAS W.,MURPHY - YES,,958368,,
567,GE 2018,"COOK CIRCUIT - RETAIN MURPHY, THOMAS W.",1,RC,30245,24748,THOMAS W.,MURPHY - NO,,287867,,
568,GE 2018,COOK CIRCUIT - RETAIN GALLAGHER,1,RC,30620,24749,TERRY,GALLAGHER - YES,,953463,,
569,GE 2018,COOK CIRCUIT - RETAIN GALLAGHER,1,RC,30620,24750,TERRY,GALLAGHER - NO,,279837,,
570,GE 2018,COOK CIRCUIT - RETAIN MALONEY,1,RC,30645,24751,EDWARD M.,MALONEY - YES,,938058,,
571,GE 2018,COOK CIRCUIT - RETAIN MALONEY,1,RC,30645,24752,EDWARD M.,MALONEY - NO,,291435,,
572,GE 2018,COOK CIRCUIT - RETAIN VARGA,1,RC,30135,24753,JAMES M.,VARGA - YES,,864507,,
573,GE 2018,COOK CIRCUIT - RETAIN VARGA,1,RC,30135,24754,JAMES M.,VARGA - NO,,408359,,
574,GE 2018,COOK CIRCUIT - RETAIN SHELLEY,1,RC,30260,24755,DIANE M.,SHELLEY - YES,,1003840,,
575,GE 2018,COOK CIRCUIT - RETAIN SHELLEY,1,RC,30260,24756,DIANE M.,SHELLEY - NO,,242150,,
576,GE 2018,"COOK CIRCUIT - RETAIN OCASIO, III",1,RC,30250,24757,RAMON,"OCASIO, III - YES",,950647,,
577,GE 2018,"COOK CIRCUIT - RETAIN OCASIO, III",1,RC,30250,24758,RAMON,"OCASIO, III - NO",,293135,,
578,GE 2018,COOK CIRCUIT - RETAIN SANTIAGO,1,RC,30680,24759,BEATRIZ,SANTIAGO - YES,,990264,,
579,GE 2018,COOK CIRCUIT - RETAIN SANTIAGO,1,RC,30680,24760,BEATRIZ,SANTIAGO - NO,,268596,,
580,GE 2018,COOK CIRCUIT - RETAIN BREWER,1,RC,30415,24761,TOMMY,BREWER - YES,,935955,,
581,GE 2018,COOK CIRCUIT - RETAIN BREWER,1,RC,30415,24762,TOMMY,BREWER - NO,,306546,,
582,GE 2018,COOK CIRCUIT - RETAIN GAMBONEY,1,RC,30625,24763,WILLIAM G.,GAMBONEY - YES,,912171,,
583,GE 2018,COOK CIRCUIT - RETAIN GAMBONEY,1,RC,30625,24764,WILLIAM G.,GAMBONEY - NO,,310952,,
584,GE 2018,COOK CIRCUIT - RETAIN HOWARD,1,RC,30220,24765,CAROL M.,HOWARD - YES,,1012750,,
585,GE 2018,COOK CIRCUIT - RETAIN HOWARD,1,RC,30220,24766,CAROL M.,HOWARD - NO,,242929,,
586,GE 2018,COOK CIRCUIT - RETAIN LEWIS,1,RC,30640,24767,KIMBERLY D.,LEWIS - YES,,1008976,,
587,GE 2018,COOK CIRCUIT - RETAIN LEWIS,1,RC,30640,24768,KIMBERLY D.,LEWIS - NO,,234482,,
588,GE 2018,COOK CIRCUIT - RETAIN MACCARTHY,1,RC,30510,24769,AICHA MARIE,MACCARTHY - YES,,980445,,
589,GE 2018,COOK CIRCUIT - RETAIN MACCARTHY,1,RC,30510,24770,AICHA MARIE,MACCARTHY - NO,,262190,,
590,GE 2018,COOK CIRCUIT - RETAIN EHRLICH,1,RC,30615,24771,JOHN H.,EHRLICH - YES,,918295,,
591,GE 2018,COOK CIRCUIT - RETAIN EHRLICH,1,RC,30615,24772,JOHN H.,EHRLICH - NO,,304279,,
592,GE 2018,COOK CIRCUIT - RETAIN GAMRATH,1,RC,30405,24773,CELIA LOUISE,GAMRATH - YES,,973706,,
593,GE 2018,COOK CIRCUIT - RETAIN GAMRATH,1,RC,30405,24774,CELIA LOUISE,GAMRATH - NO,,267177,,
594,GE 2018,COOK CIRCUIT - RETAIN AXELROOD,1,RC,30600,24777,LARRY G.,AXELROOD - YES,,928822,,
595,GE 2018,COOK CIRCUIT - RETAIN AXELROOD,1,RC,30600,24778,LARRY G.,AXELROOD - NO,,309385,,
596,GE 2018,COOK CIRCUIT - RETAIN JACOBIUS,1,RC,30100,24779,MOSHE,JACOBIUS - YES,,952797,,
597,GE 2018,COOK CIRCUIT - RETAIN JACOBIUS,1,RC,30100,24780,MOSHE,JACOBIUS - NO,,305612,,
598,GE 2018,COOK CIRCUIT - RETAIN JEAN-BAPTISTE,1,RC,30515,24781,LIONEL,JEAN-BAPTISTE - YES,,839383,,
599,GE 2018,COOK CIRCUIT - RETAIN JEAN-BAPTISTE,1,RC,30515,24782,LIONEL,JEAN-BAPTISTE - NO,,413302,,
600,GE 2018,COOK CIRCUIT - RETAIN ALLEN,1,RC,30500,24783,THOMAS R.,ALLEN - YES,,948840,,
601,GE 2018,COOK CIRCUIT - RETAIN ALLEN,1,RC,30500,24784,THOMAS R.,ALLEN - NO,,286526,,
602,GE 2018,COOK CIRCUIT - RETAIN MCGING,1,RC,30230,24785,JAMES MICHAEL,MCGING - YES,,932177,,
603,GE 2018,COOK CIRCUIT - RETAIN MCGING,1,RC,30230,24786,JAMES MICHAEL,MCGING - NO,,302416,,
604,GE 2018,COOK CIRCUIT - RETAIN BARTKOWICZ,1,RC,30115,24787,RONALD F.,BARTKOWICZ - YES,,939779,,
605,GE 2018,COOK CIRCUIT - RETAIN BARTKOWICZ,1,RC,30115,24788,RONALD F.,BARTKOWICZ - NO,,312888,,
606,GE 2018,COOK CIRCUIT - RETAIN CLANCY,1,RC,30520,24789,MICHAEL R.,CLANCY - YES,,909099,,
607,GE 2018,COOK CIRCUIT - RETAIN CLANCY,1,RC,30520,24790,MICHAEL R.,CLANCY - NO,,335824,,
608,GE 2018,COOK CIRCUIT - RETAIN MARINO,1,RC,30650,24791,LISA ANN,MARINO - YES,,874824,,
609,GE 2018,COOK CIRCUIT - RETAIN MARINO,1,RC,30650,24792,LISA ANN,MARINO - NO,,396736,,
610,GE 2018,COOK CIRCUIT - RETAIN ROBERTS,1,RC,30255,24793,MARY COLLEEN,ROBERTS - YES,,1004608,,
611,GE 2018,COOK CIRCUIT - RETAIN ROBERTS,1,RC,30255,24794,MARY COLLEEN,ROBERTS - NO,,244723,,
612,GE 2018,COOK CIRCUIT - RETAIN DICKLER,1,RC,30210,24795,GRACE G.,DICKLER - YES,,978954,,
613,GE 2018,COOK CIRCUIT - RETAIN DICKLER,1,RC,30210,24796,GRACE G.,DICKLER - NO,,269352,,
614,GE 2018,COOK CIRCUIT - RETAIN FLANNIGAN,1,RC,30215,24797,ELLEN L.,FLANNIGAN - YES,,991054,,
615,GE 2018,COOK CIRCUIT - RETAIN FLANNIGAN,1,RC,30215,24798,ELLEN L.,FLANNIGAN - NO,,269119,,
616,GE 2018,COOK CIRCUIT - RETAIN SCHLEIFER,1,RC,30420,24799,ANDREA M.,SCHLEIFER - YES,,900880,,
617,GE 2018,COOK CIRCUIT - RETAIN SCHLEIFER,1,RC,30420,24800,ANDREA M.,SCHLEIFER - NO,,349785,,
618,GE 2018,COOK CIRCUIT - RETAIN AGRAN,1,RC,30110,24801,MARTIN S.,AGRAN - YES,,953551,,
619,GE 2018,COOK CIRCUIT - RETAIN AGRAN,1,RC,30110,24802,MARTIN S.,AGRAN - NO,,303730,,
620,GE 2018,COOK CIRCUIT - RETAIN KELLEY,1,RC,30635,24803,MARTIN C.,KELLEY - YES,,949651,,
621,GE 2018,COOK CIRCUIT - RETAIN KELLEY,1,RC,30635,24804,MARTIN C.,KELLEY - NO,,277512,,
622,GE 2018,COOK CIRCUIT - RETAIN MARISIE,1,RC,30225,24805,JILL C.,MARISIE - YES,,981733,,
623,GE 2018,COOK CIRCUIT - RETAIN MARISIE,1,RC,30225,24806,JILL C.,MARISIE - NO,,265905,,
624,GE 2018,COOK CIRCUIT - RETAIN PAVLUS,1,RC,30670,24807,PAUL S.,PAVLUS - YES,,911935,,
625,GE 2018,COOK CIRCUIT - RETAIN PAVLUS,1,RC,30670,24808,PAUL S.,PAVLUS - NO,,309735,,
626,GE 2018,COOK CIRCUIT - RETAIN SCANNICCHIO,1,RC,30525,24809,REGINA ANN,SCANNICCHIO - YES,,971013,,
627,GE 2018,COOK CIRCUIT - RETAIN SCANNICCHIO,1,RC,30525,24810,REGINA ANN,SCANNICCHIO - NO,,266384,,
628,GE 2018,COOK CIRCUIT - RETAIN BOYLE,1,RC,30158,24811,MAURA SLATTERY,BOYLE - YES,,809430,,
629,GE 2018,COOK CIRCUIT - RETAIN BOYLE,1,RC,30158,24812,MAURA SLATTERY,BOYLE - NO,,484701,,
630,GE 2018,COOK CIRCUIT - RETAIN BRENNAN,1,RC,30205,24813,DANIEL PATRICK,BRENNAN - YES,,958187,,
631,GE 2018,COOK CIRCUIT - RETAIN BRENNAN,1,RC,30205,24814,DANIEL PATRICK,BRENNAN - NO,,288048,,
632,GE 2018,19TH CIRCUIT - RETAIN SHANES,1,RC,1903,24815,DANIEL B.,SHANES - YES,,163497,,
633,GE 2018,19TH CIRCUIT - RETAIN SHANES,1,RC,1903,24816,DANIEL B.,SHANES - NO,,39739,,
634,GE 2018,54TH SENATE,1,J,154,24817,BRIAN,STOUT,,25510,DEMOCRATIC,DEM
635,GE 2018,59TH SENATE,1,J,159,24818,STEVE,WEBB,,32125,DEMOCRATIC,DEM
636,GE 2018,94TH REPRESENTATIVE,1,J,2094,24819,RICHARD G.,CRAMSEY,,11059,DEMOCRATIC,DEM
637,GE 2018,51ST REPRESENTATIVE,1,J,2051,24820,MARY,EDLY-ALLEN,,25950,DEMOCRATIC,DEM
638,GE 2018,64TH REPRESENTATIVE,1,J,2064,24821,TRISHA,ZUBERT,,18262,DEMOCRATIC,DEM
639,GE 2018,4TH APPELLATE - APPLETON VACANCY,1,LB,420,24823,PETE,CAVANAGH,,377400,REPUBLICAN,REP
640,GE 2018,GOVERNOR AND LIEUTENANT GOVERNOR,1,B,1,24826,GRAYSON KASH,JACKSON,,109518,LIBERTARIAN,LIB
641,GE 2018,COMPTROLLER,1,B,4,24828,CLAIRE,BALL,,140543,LIBERTARIAN,LIB
642,GE 2018,TREASURER,1,B,5,24829,MICHAEL,LEHENEY,,155256,LIBERTARIAN,LIB
643,GE 2018,SECRETARY OF STATE,1,B,3,24830,STEVE,DUTNER,,114556,LIBERTARIAN,LIB
644,GE 2018,ATTORNEY GENERAL,1,B,2,24831,BUBBA,HARSY,,115941,LIBERTARIAN,LIB
645,GE 2018,1ST CONGRESS,1,F,1,24837,THOMAS,RUDBECK,,17365,INDEPENDENT,IND
646,GE 2018,GOVERNOR AND LIEUTENANT GOVERNOR,1,B,1,24839,"WILLIAM ""SAM""",McCANN,,192527,CONSERVATIVE,CNS
647,GE 2018,56TH SENATE,1,J,156,24842,HAL,PATTON,,32549,DOWNSTATE UNITED,DOW
648,GE 2018,33RD SENATE,1,J,133,24847,DONALD P.,DeWITTE,,46040,REPUBLICAN,REP
649,GE 2018,17TH SENATE,1,J,117,24848,ELGIE R.,"SIMS, JR.",,66268,DEMOCRATIC,DEM
650,GE 2018,34TH REPRESENTATIVE,1,J,2034,24849,"NICHOLAS ""NICK""",SMITH,,31939,DEMOCRATIC,DEM
651,GE 2018,21ST REPRESENTATIVE,1,J,2021,24850,CELINA,VILLANUEVA,,15344,DEMOCRATIC,DEM
652,GE 2018,58TH REPRESENTATIVE,1,J,2058,24851,"FREDRIC BRYAN ""RICK""",LESSER,,16998,REPUBLICAN,REP
653,GE 2018,45TH REPRESENTATIVE,1,J,2045,24852,DIANE,PAPPAS,,20383,DEMOCRATIC,DEM
654,GE 2018,51ST REPRESENTATIVE,1,J,2051,24853,HELENE MILLER,WALSH,,25576,REPUBLICAN,REP
655,GE 2018,GOVERNOR AND LIEUTENANT GOVERNOR,1,B,1,24854,GREG,MOORE,,13,,
656,GE 2018,GOVERNOR AND LIEUTENANT GOVERNOR,1,B,1,24855,JO,753,,16,,
657,GE 2018,GOVERNOR AND LIEUTENANT GOVERNOR,1,B,1,24856,MICHAEL W,SCRUGGS,,15,,
658,GE 2018,GOVERNOR AND LIEUTENANT GOVERNOR,1,B,1,24857,NANCY,FOSTER,,32,,
659,GE 2018,GOVERNOR AND LIEUTENANT GOVERNOR,1,B,1,24858,ROBERT F.,CANFIELD,,12,,
660,GE 2018,GOVERNOR AND LIEUTENANT GOVERNOR,1,B,1,24859,THOMAS J.,KUNA (JACOB),,4,,
661,GE 2018,100TH REPRESENTATIVE,1,J,2100,24860,THOMAS,KUNA (JACOB),,1,,
662,GE 2018,47TH SENATE,1,J,147,24861,KURT (SANTA),FOWLER,,160,,
663,GE 2018,13TH CONGRESS,1,F,13,24862,THOMAS J.,KUNA (JACOB),,7,,
664,GE 2018,GOVERNOR AND LIEUTENANT GOVERNOR,1,B,1,24863,DAVID,THOLIN,,3,,
665,GE 2018,48TH SENATE,1,J,148,24864,MICHAEL,GRAGG,,2,,
666,GE 2018,96TH REPRESENTATIVE,1,J,2096,24865,GARY,PIERCE,,10,,
667,GE 2018,15TH CONGRESS,1,F,15,24866,TIM E.,BUCKNER,,5,,
668,GE 2018,95TH REPRESENTATIVE,1,J,2095,24867,CRAIG,BARNSTABLE,,5,,
669,GE 2018,6TH CONGRESS,1,F,6,24868,EDMOND,"KELLY, JR.",,0,,
670,GE 2018,3RD CONGRESS,1,F,3,24869,JUSTIN,HANSON,,1353,,
671,GE 2018,3RD CONGRESS,1,F,3,24870,RICHARD,MAYERS,,4,,
672,GE 2018,5TH CONGRESS,1,F,5,24871,FRANK,ROWDER,,5,,
673,GE 2018,3RD CONGRESS,1,F,3,24872,KENNETH,YERKES,,1039,,
674,GE 2018,GOVERNOR AND LIEUTENANT GOVERNOR,1,B,1,24873,MARY ARLINE,VANN-METCALF,,0,,
675,GE 2018,GOVERNOR AND LIEUTENANT GOVERNOR,1,B,1,24874,KEVIN D.,RYAN,,20,,
676,GE 2018,COMPTROLLER,1,B,4,24875,MARY ARLINE,VANN-METCALF,,17,,
677,GE 2018,TREASURER,1,B,5,24876,MARY ARLINE,VANN-METCALF,,2,,
678,GE 2018,1ST CONGRESS,1,F,1,24877,MARY ARLINE,VANN-METCALF,,0,,
679,GE 2018,17TH SENATE,1,J,117,24878,MARY ARLINE,VANN-METCALF,,1,,
680,GE 2018,4TH REPRESENTATIVE,1,J,2004,24879,JUSTIN,TUCKER,,6,,
681,GE 2018,25TH REPRESENTATIVE,1,J,2025,24880,DENISE ANITA,HILL,,23,,
682,GE 2018,40TH REPRESENTATIVE,1,J,2040,24881,WILLIAM,CADE,,6,,
683,GE 2018,16TH CONGRESS,1,F,16,24882,JOHN M.,STASSI,,2,,